Date,Open,High,Low,Close,Adj Close,Volume
9/19/2018,4.125,4.2,4.1125,4.15,3.902322," 7,192,800 "
9/20/2018,4.15,4.2025,4.1125,4.1225,3.876463," 6,416,400 "
9/21/2018,4.1125,4.1875,4.1075,4.13,3.883516," 12,163,600 "
9/24/2018,4.105,4.105,3.8725,3.88,3.648436," 14,310,800 "
9/25/2018,3.91,4.0225,3.825,4.005,3.765976," 8,250,000 "
9/26/2018,4.035,4.035,3.885,3.8975,3.664891," 7,605,200 "
9/27/2018,3.92,3.9375,3.8575,3.8875,3.655488," 8,096,800 "
9/28/2018,3.885,3.9625,3.7975,3.8175,3.589666," 10,103,200 "
10/1/2018,3.82,3.885,3.745,3.82,3.592017," 16,239,200 "
10/2/2018,3.7925,3.8275,3.71,3.7175,3.495634," 11,512,800 "
10/3/2018,3.75,3.7925,3.6875,3.73,3.507388," 8,054,400 "
10/4/2018,3.7425,3.78,3.68,3.705,3.48388," 6,086,400 "
10/5/2018,3.7075,3.7325,3.645,3.67,3.450969," 9,294,800 "
10/8/2018,3.6775,3.7975,3.665,3.745,3.521493," 9,040,400 "
10/9/2018,3.7325,3.8625,3.675,3.69,3.469775," 9,622,800 "
10/10/2018,3.7025,3.7925,3.7025,3.7075,3.486231," 7,850,400 "
10/11/2018,3.6975,3.775,3.6625,3.665,3.446267," 8,384,000 "
10/12/2018,3.725,3.7875,3.675,3.7,3.479179," 7,710,400 "
10/15/2018,3.7025,3.7675,3.695,3.72,3.497985," 6,000,400 "
10/16/2018,3.7425,3.825,3.695,3.8225,3.594368," 8,160,800 "
10/17/2018,3.8225,3.87,3.695,3.83,3.60142," 7,991,600 "
10/18/2018,3.825,3.855,3.725,3.765,3.540299," 5,914,400 "
10/19/2018,3.7175,3.75,3.6175,3.6825,3.462723," 12,424,000 "
10/22/2018,3.705,3.805,3.6725,3.78,3.554404," 9,222,000 "
10/23/2018,3.7475,3.8275,3.6975,3.8175,3.589666," 9,580,400 "
10/24/2018,3.825,3.9,3.7675,3.7675,3.54265," 8,965,200 "
10/25/2018,3.78,3.8,3.57,3.61,3.39455," 9,096,400 "
10/26/2018,3.6075,3.6075,3.41,3.4275,3.222942," 10,044,400 "
10/29/2018,3.46,3.74,3.4425,3.6325,3.415707," 12,675,600 "
10/30/2018,3.6425,3.7775,3.6,3.6675,3.448618," 8,376,400 "
10/31/2018,3.7025,3.705,3.565,3.65,3.432163," 6,955,600 "
11/1/2018,3.6525,3.8375,3.65,3.8375,3.608473," 11,017,200 "
11/2/2018,3.855,3.94,3.7975,3.9025,3.669593," 6,662,400 "
11/5/2018,3.8875,3.89,3.7225,3.7475,3.523844," 7,214,400 "
11/6/2018,3.7375,3.7625,3.7075,3.7375,3.51444," 7,584,000 "
11/7/2018,3.75,3.7625,3.6625,3.725,3.502687," 8,177,200 "
11/8/2018,3.725,3.755,3.695,3.715,3.493283," 8,557,200 "
11/9/2018,3.68,3.7,3.58,3.66,3.441566," 6,686,000 "
11/12/2018,3.665,3.695,3.465,3.47,3.262905," 9,600,800 "
11/13/2018,3.475,3.545,3.445,3.47,3.262905," 9,232,800 "
11/14/2018,3.5225,3.5275,3.22,3.24,3.046632," 13,744,400 "
11/15/2018,3.24,3.3125,3.1925,3.2825,3.086596," 12,119,600 "
11/16/2018,3.2475,3.2475,3.1125,3.1975,3.006669," 22,866,800 "
11/19/2018,3.21,3.29,3.1925,3.2575,3.063088," 13,803,600 "
11/20/2018,3.15,3.2275,3.035,3.07,2.886778," 24,139,600 "
11/21/2018,3.1175,3.625,3.0775,3.4275,3.222942," 49,923,200 "
11/23/2018,3.425,3.44,3.29,3.375,3.173575," 10,767,200 "
11/26/2018,3.4975,3.695,3.4975,3.645,3.427461," 23,613,600 "
11/27/2018,3.5975,3.7425,3.55,3.68,3.460372," 17,538,800 "
11/28/2018,3.68,3.7675,3.68,3.7525,3.528545," 10,574,800 "
11/29/2018,3.7625,3.805,3.635,3.6575,3.439215," 16,838,400 "
11/30/2018,3.2475,3.49,3.2,3.415,3.211188," 47,627,200 "
12/3/2018,3.455,3.495,3.3825,3.4675,3.260555," 16,084,800 "
12/4/2018,3.4975,3.5275,3.36,3.375,3.173575," 14,935,600 "
12/6/2018,3.375,3.4425,3.31,3.39,3.18768," 12,788,800 "
12/7/2018,3.3875,3.51,3.375,3.42,3.215889," 13,610,400 "
12/10/2018,3.345,3.36,3.2075,3.3075,3.198964," 11,174,800 "
12/11/2018,3.3375,3.35,3.2125,3.2375,3.131261," 9,352,800 "
12/12/2018,3.265,3.3825,3.245,3.3075,3.198964," 7,271,200 "
12/13/2018,3.31,3.34,3.1675,3.1975,3.092573," 9,746,400 "
12/14/2018,3.1725,3.25,3.1725,3.19,3.08532," 6,654,800 "
12/17/2018,3.165,3.275,3.1375,3.1625,3.058722," 9,022,800 "
12/18/2018,3.1625,3.2575,3.1525,3.1825,3.078065," 10,379,600 "
12/19/2018,3.19,3.245,3.13,3.145,3.041796," 9,703,600 "
12/20/2018,3.15,3.235,3.0525,3.1075,3.005527," 10,684,800 "
12/21/2018,3.0975,3.17,2.9425,2.99,2.891882," 17,692,000 "
12/24/2018,2.9925,3.005,2.91,2.9175,2.821762," 5,314,000 "
12/26/2018,2.93,3.1,2.89,3.1,2.998273," 9,616,800 "
12/27/2018,3.06,3.0625,2.9075,3.045,2.945078," 7,338,400 "
12/28/2018,3.0525,3.1225,3.0025,3.07,2.969257," 8,105,200 "
12/31/2018,3.0825,3.1675,3.0775,3.155,3.051468," 11,161,200 "
1/2/2019,3.1125,3.295,3.105,3.2675,3.160276," 8,496,800 "
1/3/2019,3.245,3.315,3.1725,3.2425,3.136097," 7,001,600 "
1/4/2019,3.5075,3.8225,3.425,3.81,3.684974," 47,662,800 "
1/7/2019,3.7775,3.9525,3.735,3.87,3.743005," 18,872,000 "
1/8/2019,3.875,3.9725,3.7875,3.9525,3.822798," 13,775,200 "
1/9/2019,3.96,4.0975,3.93,3.995,3.863903," 14,218,000 "
1/10/2019,3.935,4,3.88,3.99,3.859067," 11,619,200 "
1/11/2019,3.965,4.0125,3.9425,3.9625,3.83247," 9,679,200 "
1/14/2019,3.96,4.035,3.8925,3.91,3.781693," 14,443,600 "
1/15/2019,3.9,3.91,3.7975,3.8825,3.755095," 8,912,800 "
1/16/2019,3.8925,3.9725,3.845,3.92,3.791364," 7,970,400 "
1/17/2019,3.8725,3.9575,3.825,3.9425,3.813126," 6,972,000 "
1/18/2019,4.005,4.225,3.97,3.9825,3.851814," 34,188,800 "
1/22/2019,3.9525,3.975,3.79,3.8175,3.692228," 12,754,800 "
1/23/2019,3.8275,3.8925,3.7825,3.87,3.743005," 7,348,000 "
1/24/2019,3.87,3.95,3.86,3.95,3.82038," 5,128,000 "
1/25/2019,3.99,4.015,3.9325,3.975,3.844559," 7,660,400 "
1/28/2019,3.935,3.9475,3.7475,3.875,3.747841," 11,939,600 "
1/29/2019,3.0975,3.125,2.7775,2.82,2.727461," 131,481,200 "
1/30/2019,2.8125,2.8425,2.7775,2.8,2.708117," 24,604,000 "
1/31/2019,2.7925,2.8825,2.775,2.835,2.741969," 24,198,400 "
2/1/2019,2.8275,2.8575,2.795,2.81,2.717789," 13,909,600 "
2/4/2019,2.81,2.87,2.75,2.8425,2.749223," 17,086,000 "
2/5/2019,2.84,2.9525,2.8375,2.9475,2.850777," 17,084,400 "
2/6/2019,2.905,2.925,2.85,2.8775,2.783074," 13,918,400 "
2/7/2019,2.85,2.8975,2.8075,2.8675,2.773402," 8,084,400 "
2/8/2019,2.8475,2.8725,2.8275,2.8375,2.744387," 7,204,800 "
2/11/2019,2.845,2.8475,2.79,2.825,2.732297," 7,674,400 "
2/12/2019,2.825,2.8975,2.825,2.8875,2.792746," 10,712,000 "
2/13/2019,2.89,2.9375,2.845,2.8675,2.773402," 8,531,200 "
2/14/2019,2.8425,2.855,2.81,2.8325,2.739551," 9,874,000 "
2/15/2019,2.8325,2.86,2.82,2.8575,2.763731," 8,847,200 "
2/19/2019,2.865,2.8675,2.7825,2.8,2.708117," 13,222,400 "
2/20/2019,2.8075,2.825,2.7875,2.8,2.708117," 11,842,000 "
2/21/2019,2.8075,2.8225,2.7525,2.7575,2.667012," 9,956,800 "
2/22/2019,2.755,2.845,2.755,2.8425,2.749223," 12,998,000 "
2/25/2019,2.845,2.95,2.845,2.8875,2.792746," 14,378,000 "
2/26/2019,2.885,2.9275,2.875,2.91,2.814508," 8,632,000 "
2/27/2019,2.915,2.9825,2.905,2.9175,2.821762," 13,589,200 "
2/28/2019,2.9225,2.965,2.8975,2.925,2.829015," 11,280,800 "
3/1/2019,2.97,3.0025,2.9375,2.9375,2.841105," 7,604,800 "
3/4/2019,2.9475,2.9625,2.8675,2.8925,2.797582," 8,914,400 "
3/5/2019,3.02,3.025,2.84,2.9,2.804836," 22,151,600 "
3/6/2019,2.915,2.9675,2.89,2.89,2.795164," 13,251,600 "
3/7/2019,2.89,2.915,2.86,2.8975,2.802418," 7,245,600 "
3/8/2019,2.7675,2.805,2.6875,2.7425,2.652504," 24,686,400 "
3/11/2019,2.745,2.82,2.7225,2.815,2.722625," 10,814,400 "
3/12/2019,2.82,2.8875,2.8075,2.8675,2.773402," 8,659,600 "
3/13/2019,2.885,2.91,2.8675,2.895,2.8," 8,766,400 "
3/14/2019,2.8275,2.835,2.725,2.7375,2.7375," 11,358,400 "
3/15/2019,2.7475,2.78,2.725,2.765,2.765," 14,149,600 "
3/18/2019,2.7725,2.7925,2.745,2.7675,2.7675," 9,804,800 "
3/19/2019,2.7675,2.81,2.725,2.74,2.74," 12,359,600 "
3/20/2019,2.74,2.74,2.6,2.625,2.625," 16,415,600 "
3/21/2019,2.6175,2.6825,2.5875,2.6375,2.6375," 12,821,200 "
3/22/2019,2.6625,2.665,2.61,2.6125,2.6125," 13,156,000 "
3/25/2019,2.615,2.6225,2.5175,2.535,2.535," 17,944,800 "
3/26/2019,2.5275,2.61,2.5225,2.5875,2.5875," 14,140,400 "
3/27/2019,2.5925,2.635,2.5625,2.5725,2.5725," 10,424,800 "
3/28/2019,2.59,2.6225,2.5175,2.5475,2.5475," 12,489,200 "
3/29/2019,2.5525,2.59,2.5375,2.54,2.54," 11,676,000 "
4/1/2019,2.5725,2.605,2.51,2.5925,2.5925," 17,662,800 "
4/2/2019,2.5925,2.6025,2.5225,2.525,2.525," 34,680,800 "
4/3/2019,2.215,2.5075,2.205,2.4075,2.4075," 106,391,600 "
4/4/2019,2.435,2.515,2.4125,2.5075,2.5075," 31,671,200 "
4/5/2019,2.49,2.5025,2.4475,2.465,2.465," 22,974,400 "
4/8/2019,2.4475,2.52,2.4325,2.485,2.485," 18,204,000 "
4/9/2019,2.4625,2.5,2.4525,2.455,2.455," 11,914,000 "
4/10/2019,2.47,2.5025,2.47,2.4925,2.4925," 11,228,800 "
4/11/2019,2.495,2.495,2.435,2.44,2.44," 10,180,800 "
4/12/2019,2.4475,2.4575,2.3225,2.33,2.33," 19,114,000 "
4/15/2019,2.3175,2.3375,2.2025,2.235,2.235," 22,109,600 "
4/16/2019,2.25,2.2875,2.2375,2.27,2.27," 18,880,000 "
4/17/2019,2.2775,2.28,2.1875,2.235,2.235," 15,684,400 "
4/18/2019,2.215,2.2575,2.185,2.1925,2.1925," 15,256,800 "
4/22/2019,2.1875,2.205,2.1325,2.1625,2.1625," 25,114,800 "
4/23/2019,2.16,2.2425,2.16,2.2225,2.2225," 17,809,200 "
4/24/2019,2.225,2.265,2.2225,2.2525,2.2525," 16,424,400 "
4/25/2019,2.2475,2.25,2.18,2.2375,2.2375," 10,508,000 "
4/26/2019,2.2325,2.2575,2.22,2.2225,2.2225," 9,227,200 "
4/29/2019,2.2225,2.225,2.1775,2.19,2.19," 10,192,400 "
4/30/2019,2.2,2.2125,2.1625,2.1625,2.1625," 12,830,800 "
5/1/2019,2.165,2.1975,2.1175,2.1275,2.1275," 14,155,600 "
5/2/2019,2.1275,2.2075,2.1275,2.1925,2.1925," 12,467,600 "
5/3/2019,2.2025,2.2475,2.1925,2.2425,2.2425," 8,718,400 "
5/6/2019,2.2125,2.23,2.165,2.2125,2.2125," 9,624,800 "
5/7/2019,2.1925,2.23,2.1725,2.1925,2.1925," 10,366,400 "
5/8/2019,2.1875,2.2125,2.1625,2.1725,2.1725," 8,249,600 "
5/9/2019,2.15,2.1625,2.12,2.13,2.13," 9,358,000 "
5/10/2019,2.13,2.145,2.09,2.12,2.12," 9,206,000 "
5/13/2019,2.0825,2.0925,2.0425,2.065,2.065," 12,172,800 "
5/14/2019,2.08,2.1375,2.06,2.1325,2.1325," 10,451,600 "
5/15/2019,2.11,2.1775,2.11,2.1725,2.1725," 9,014,000 "
5/16/2019,2.185,2.21,2.16,2.1675,2.1675," 7,004,000 "
5/17/2019,2.135,2.195,2.135,2.1525,2.1525," 7,869,200 "
5/20/2019,2.115,2.13,1.995,2.015,2.015," 20,174,400 "
5/21/2019,2.0175,2.035,1.9725,2.0325,2.0325," 22,788,400 "
5/22/2019,2.0175,2.02,1.94,1.975,1.975," 18,064,400 "
5/23/2019,1.96,1.965,1.9175,1.925,1.925," 15,678,000 "
5/24/2019,1.9275,1.965,1.9275,1.955,1.955," 10,168,400 "
5/28/2019,1.9625,1.9975,1.935,1.935,1.935," 10,931,200 "
5/29/2019,1.9325,1.9375,1.8475,1.8925,1.8925," 16,510,800 "
5/30/2019,1.8925,1.925,1.8825,1.9,1.9," 10,780,800 "
5/31/2019,1.8675,1.915,1.83,1.895,1.895," 15,932,400 "
6/3/2019,1.895,1.9125,1.855,1.8675,1.8675," 20,916,400 "
6/4/2019,1.895,1.9625,1.88,1.955,1.955," 41,720,400 "
6/5/2019,1.3725,1.3975,1.1775,1.26,1.26," 157,416,800 "
6/6/2019,1.245,1.2825,1.21,1.2825,1.2825," 54,232,000 "
6/7/2019,1.2825,1.3075,1.2475,1.255,1.255," 42,365,200 "
6/10/2019,1.3425,1.3875,1.3225,1.36,1.36," 75,706,000 "
6/11/2019,1.3825,1.4625,1.3725,1.43,1.43," 53,695,200 "
6/12/2019,1.42,1.45,1.375,1.375,1.375," 19,657,200 "
6/13/2019,1.3875,1.4325,1.3725,1.425,1.425," 23,363,200 "
6/14/2019,1.425,1.4575,1.4025,1.4075,1.4075," 21,218,400 "
6/17/2019,1.4075,1.4525,1.4,1.425,1.425," 14,746,000 "
6/18/2019,1.4275,1.4575,1.4175,1.4325,1.4325," 16,281,600 "
6/19/2019,1.4375,1.4375,1.4025,1.4075,1.4075," 11,893,200 "
6/20/2019,1.415,1.4225,1.38,1.3825,1.3825," 15,735,200 "
6/21/2019,1.38,1.38,1.3275,1.355,1.355," 35,817,200 "
6/24/2019,1.3525,1.3675,1.32,1.3425,1.3425," 19,293,200 "
6/25/2019,1.335,1.3825,1.33,1.3625,1.3625," 12,341,600 "
6/26/2019,1.3675,1.38,1.345,1.3675,1.3675," 14,207,200 "
6/27/2019,1.365,1.3975,1.3575,1.385,1.385," 15,024,000 "
6/28/2019,1.3825,1.395,1.36,1.3675,1.3675," 15,585,600 "
7/1/2019,1.3825,1.3925,1.335,1.34,1.34," 17,243,200 "
7/2/2019,1.3375,1.3625,1.33,1.345,1.345," 22,574,000 "
7/3/2019,1.3525,1.3575,1.3175,1.3275,1.3275," 10,248,400 "
7/5/2019,1.325,1.41,1.3175,1.38,1.38," 51,578,400 "
7/8/2019,1.375,1.3825,1.355,1.3625,1.3625," 26,370,800 "
7/9/2019,1.37,1.3875,1.32,1.3275,1.3275," 46,887,600 "
7/10/2019,1.3375,1.3425,1.2925,1.295,1.295," 43,413,200 "
7/11/2019,1.245,1.2525,1.1825,1.21,1.21," 67,112,800 "
7/12/2019,1.215,1.2325,1.2025,1.2275,1.2275," 17,568,800 "
7/15/2019,1.2175,1.2225,1.1875,1.1875,1.1875," 12,273,600 "
7/16/2019,1.19,1.2025,1.1575,1.1575,1.1575," 23,880,000 "
7/17/2019,1.1575,1.16,1.0825,1.095,1.095," 30,572,400 "
7/18/2019,1.0975,1.105,1.03,1.05,1.05," 34,342,800 "
7/19/2019,1.055,1.105,1.055,1.08,1.08," 43,786,000 "
7/22/2019,1.0825,1.1,1.03,1.035,1.035," 21,954,800 "
7/23/2019,1.0375,1.05,0.995,1.0225,1.0225," 30,814,000 "
7/24/2019,1.02,1.05,1.0125,1.02,1.02," 24,082,400 "
7/25/2019,1.025,1.08,0.9925,0.995,0.995," 23,160,000 "
7/26/2019,1,1.02,0.99,1.0025,1.0025," 12,836,000 "
7/29/2019,1.005,1.04,1.005,1.03,1.03," 17,308,400 "
7/30/2019,1.025,1.0325,0.975,1.0075,1.0075," 21,085,600 "
7/31/2019,1.0075,1.045,1,1.005,1.005," 20,835,600 "
8/1/2019,1.005,1.015,0.945,0.96,0.96," 22,386,000 "
8/2/2019,0.9575,0.9725,0.9375,0.945,0.945," 14,378,800 "
8/5/2019,0.93,0.9375,0.895,0.9275,0.9275," 22,727,200 "
8/6/2019,0.9325,0.955,0.9075,0.9525,0.9525," 20,629,600 "
8/7/2019,0.935,0.9625,0.915,0.9525,0.9525," 23,424,400 "
8/8/2019,0.96,0.9775,0.9425,0.9725,0.9725," 9,226,800 "
8/9/2019,0.9575,0.965,0.8975,0.8975,0.8975," 12,317,600 "
8/12/2019,0.895,0.905,0.86,0.8775,0.8775," 10,710,400 "
8/13/2019,0.87,0.94,0.8675,0.8675,0.8675," 18,018,000 "
8/14/2019,0.8475,0.855,0.7975,0.83,0.83," 24,327,600 "
8/15/2019,0.83,0.8525,0.7875,0.8025,0.8025," 23,553,600 "
8/16/2019,0.8125,0.84,0.8025,0.83,0.83," 12,522,800 "
8/19/2019,0.8425,0.8675,0.835,0.845,0.845," 11,550,000 "
8/20/2019,0.8375,0.865,0.82,0.855,0.855," 17,040,000 "
8/21/2019,0.875,0.905,0.86,0.885,0.885," 23,643,600 "
8/22/2019,0.9925,1.0625,0.93,0.9675,0.9675," 116,709,200 "
8/23/2019,0.96,0.975,0.89,0.9125,0.9125," 34,643,600 "
8/26/2019,0.93,1.01,0.9125,0.955,0.955," 41,277,600 "
8/27/2019,0.9675,0.9825,0.92,0.925,0.925," 22,804,000 "
8/28/2019,0.925,0.9925,0.9175,0.97,0.97," 25,756,800 "
8/29/2019,0.9825,1.0725,0.9375,1.0575,1.0575," 53,454,000 "
8/30/2019,1.065,1.09,0.98,0.9925,0.9925," 42,538,400 "
9/3/2019,0.9925,1.0175,0.915,0.9525,0.9525," 36,177,600 "
9/4/2019,0.97,1,0.9625,0.995,0.995," 16,908,400 "
9/5/2019,1.02,1.06,1.0175,1.0575,1.0575," 27,568,000 "
9/6/2019,1.06,1.09,1.035,1.0775,1.0775," 26,806,000 "
9/9/2019,1.0875,1.23,1.0875,1.19,1.19," 58,315,200 "
9/10/2019,1.2175,1.275,1.1275,1.2725,1.2725," 66,636,800 "
9/11/2019,1.0475,1.2375,0.9925,1.1475,1.1475," 136,020,000 "
9/12/2019,1.15,1.2025,1.1075,1.145,1.145," 35,634,800 "
9/13/2019,1.155,1.1925,1.0925,1.1025,1.1025," 30,648,800 "
9/16/2019,1.075,1.1175,1.0675,1.0875,1.0875," 27,045,200 "
9/17/2019,1.075,1.085,1.0325,1.0825,1.0825," 25,624,000 "
9/18/2019,1.0825,1.1725,1.0825,1.15,1.15," 39,184,800 "
9/19/2019,1.16,1.1675,1.105,1.11,1.11," 31,441,200 "
9/20/2019,1.1475,1.2,1.125,1.175,1.175," 46,415,200 "
9/23/2019,1.17,1.3,1.1525,1.255,1.255," 49,896,000 "
9/24/2019,1.285,1.375,1.245,1.2525,1.2525," 52,391,600 "
9/25/2019,1.2725,1.3875,1.27,1.3,1.3," 48,657,200 "
9/26/2019,1.2975,1.335,1.27,1.32,1.32," 24,323,600 "
9/27/2019,1.3125,1.3625,1.305,1.335,1.335," 22,194,000 "
9/30/2019,1.3575,1.41,1.35,1.38,1.38," 35,679,200 "
10/1/2019,1.41,1.455,1.3725,1.395,1.395," 26,369,600 "
10/2/2019,1.3875,1.3875,1.31,1.33,1.33," 32,619,600 "
10/3/2019,1.325,1.37,1.3075,1.355,1.355," 17,386,800 "
10/4/2019,1.3575,1.39,1.3425,1.3875,1.3875," 16,852,400 "
10/7/2019,1.37,1.395,1.3525,1.3725,1.3725," 16,619,200 "
10/8/2019,1.3575,1.36,1.29,1.3075,1.3075," 19,292,400 "
10/9/2019,1.3125,1.325,1.24,1.2475,1.2475," 23,238,400 "
10/10/2019,1.255,1.2875,1.24,1.2625,1.2625," 20,912,000 "
10/11/2019,1.285,1.3725,1.285,1.3425,1.3425," 23,636,800 "
10/14/2019,1.33,1.3975,1.305,1.395,1.395," 21,095,600 "
10/15/2019,1.4,1.4775,1.3975,1.4025,1.4025," 25,403,600 "
10/16/2019,1.395,1.4775,1.395,1.47,1.47," 15,474,800 "
10/17/2019,1.4725,1.5125,1.45,1.5075,1.5075," 14,426,400 "
10/18/2019,1.5075,1.5125,1.4425,1.485,1.485," 12,788,400 "
10/21/2019,1.495,1.54,1.455,1.4825,1.4825," 14,446,400 "
10/22/2019,1.4825,1.61,1.4825,1.5975,1.5975," 16,698,000 "
10/23/2019,1.5825,1.655,1.5575,1.6075,1.6075," 16,285,600 "
10/24/2019,1.625,1.6375,1.5075,1.605,1.605," 17,072,800 "
10/25/2019,1.58,1.6075,1.5625,1.5875,1.5875," 10,581,600 "
10/28/2019,1.595,1.6225,1.5425,1.5475,1.5475," 11,418,800 "
10/29/2019,1.5525,1.5625,1.4475,1.4525,1.4525," 15,675,200 "
10/30/2019,1.44,1.4575,1.38,1.4325,1.4325," 14,958,000 "
10/31/2019,1.4075,1.4225,1.3275,1.36,1.36," 17,434,400 "
11/1/2019,1.3625,1.5,1.3575,1.46,1.46," 20,841,600 "
11/4/2019,1.475,1.505,1.4425,1.4625,1.4625," 14,680,000 "
11/5/2019,1.47,1.55,1.465,1.4775,1.4775," 13,496,400 "
11/6/2019,1.475,1.5475,1.455,1.5225,1.5225," 16,513,200 "
11/7/2019,1.545,1.58,1.51,1.555,1.555," 12,517,200 "
11/8/2019,1.5425,1.57,1.5125,1.5225,1.5225," 7,874,800 "
11/11/2019,1.5125,1.5225,1.4425,1.505,1.505," 12,437,600 "
11/12/2019,1.5075,1.5175,1.4675,1.48,1.48," 7,338,000 "
11/13/2019,1.4775,1.4925,1.4525,1.485,1.485," 6,134,400 "
11/14/2019,1.4875,1.5275,1.475,1.495,1.495," 6,834,800 "
11/15/2019,1.5,1.5025,1.4625,1.47,1.47," 8,663,600 "
11/18/2019,1.4625,1.4625,1.4025,1.405,1.405," 11,983,600 "
11/19/2019,1.3925,1.415,1.3625,1.375,1.375," 13,442,000 "
11/20/2019,1.385,1.385,1.34,1.365,1.365," 10,666,800 "
11/21/2019,1.365,1.395,1.3375,1.375,1.375," 11,136,000 "
11/22/2019,1.3975,1.4625,1.375,1.415,1.415," 13,972,400 "
11/25/2019,1.4175,1.515,1.4075,1.5075,1.5075," 10,979,600 "
11/26/2019,1.5075,1.565,1.5025,1.525,1.525," 10,594,800 "
11/27/2019,1.525,1.5975,1.505,1.5875,1.5875," 12,120,000 "
11/29/2019,1.5825,1.5975,1.56,1.585,1.585," 5,476,000 "
12/2/2019,1.5875,1.615,1.5225,1.5425,1.5425," 8,242,400 "
12/3/2019,1.51,1.545,1.4825,1.53,1.53," 8,859,600 "
12/4/2019,1.5425,1.6225,1.53,1.6075,1.6075," 11,489,600 "
12/5/2019,1.58,1.63,1.56,1.6,1.6," 17,525,600 "
12/6/2019,1.5975,1.67,1.5975,1.67,1.67," 19,029,200 "
12/9/2019,1.6625,1.73,1.5475,1.5825,1.5825," 25,002,400 "
12/10/2019,1.5725,1.635,1.53,1.6275,1.6275," 38,379,600 "
12/11/2019,1.3125,1.4525,1.295,1.3825,1.3825," 78,071,200 "
12/12/2019,1.365,1.4275,1.3525,1.395,1.395," 25,549,200 "
12/13/2019,1.3675,1.405,1.31,1.3625,1.3625," 21,756,000 "
12/16/2019,1.3475,1.3975,1.3475,1.375,1.375," 17,627,600 "
12/17/2019,1.375,1.52,1.3725,1.515,1.515," 16,565,600 "
12/18/2019,1.515,1.5675,1.4825,1.54,1.54," 21,056,400 "
12/19/2019,1.5525,1.56,1.5075,1.515,1.515," 17,808,000 "
12/20/2019,1.515,1.555,1.49,1.4975,1.4975," 21,938,400 "
12/23/2019,1.5125,1.5175,1.385,1.4025,1.4025," 25,130,800 "
12/24/2019,1.4125,1.4175,1.36,1.36,1.36," 13,582,000 "
12/26/2019,1.3675,1.3775,1.3125,1.35,1.35," 17,057,600 "
12/27/2019,1.355,1.495,1.3475,1.475,1.475," 44,165,200 "
12/30/2019,1.47,1.5625,1.44,1.5325,1.5325," 17,928,400 "
12/31/2019,1.52,1.5975,1.4975,1.52,1.52," 17,290,400 "
1/2/2020,1.535,1.6175,1.5175,1.5775,1.5775," 17,814,400 "
1/3/2020,1.5525,1.5625,1.46,1.47,1.47," 14,175,600 "
1/6/2020,1.45,1.4775,1.4,1.4625,1.4625," 13,579,200 "
1/7/2020,1.4425,1.4575,1.36,1.38,1.38," 20,912,000 "
1/8/2020,1.3725,1.4625,1.3525,1.43,1.43," 22,517,600 "
1/9/2020,1.455,1.455,1.37,1.3875,1.3875," 10,572,000 "
1/10/2020,1.39,1.4,1.345,1.3575,1.3575," 11,125,600 "
1/13/2020,1.3575,1.4025,1.3325,1.3575,1.3575," 14,500,800 "
1/14/2020,1.195,1.25,1.1325,1.1775,1.1775," 50,247,600 "
1/15/2020,1.165,1.1825,1.1375,1.1525,1.1525," 19,924,400 "
1/16/2020,1.1525,1.1775,1.13,1.155,1.155," 17,148,400 "
1/17/2020,1.145,1.1875,1.1275,1.1875,1.1875," 16,078,000 "
1/21/2020,1.1875,1.1875,1.1375,1.1475,1.1475," 14,128,400 "
1/22/2020,1.1375,1.16,1.115,1.14,1.14," 10,510,000 "
1/23/2020,1.1375,1.16,1.115,1.155,1.155," 7,520,800 "
1/24/2020,1.16,1.16,1.0625,1.08,1.08," 16,654,400 "
1/27/2020,1.05,1.0875,1.04,1.07,1.07," 8,490,000 "
1/28/2020,1.075,1.075,1.045,1.0525,1.0525," 8,579,600 "
1/29/2020,1.055,1.08,1.0325,1.0325,1.0325," 6,210,400 "
1/30/2020,1.025,1.03,0.97,0.9825,0.9825," 12,026,000 "
1/31/2020,0.9775,0.985,0.9575,0.96,0.96," 11,566,800 "
2/3/2020,0.97,0.995,0.9625,0.9875,0.9875," 8,102,400 "
2/4/2020,1.0075,1.0625,0.9925,1.0175,1.0175," 14,252,400 "
2/5/2020,1.0375,1.1025,1.035,1.045,1.045," 10,566,800 "
2/6/2020,1.05,1.075,1.035,1.035,1.035," 6,041,200 "
2/7/2020,1.0275,1.0325,0.9425,0.9525,0.9525," 10,969,200 "
2/10/2020,0.9625,1.025,0.935,0.985,0.985," 11,108,000 "
2/11/2020,0.995,1.06,0.9875,1.005,1.005," 13,660,000 "
2/12/2020,1.0325,1.1275,1.0175,1.0475,1.0475," 19,282,400 "
2/13/2020,1.03,1.065,1.0175,1.0275,1.0275," 8,326,800 "
2/14/2020,1.0275,1.0475,1.005,1.005,1.005," 6,330,800 "
2/18/2020,1.0025,1.02,0.99,1.015,1.015," 5,870,400 "
2/19/2020,1.015,1.0675,0.98,1.0375,1.0375," 10,372,400 "
2/20/2020,1.04,1.075,1.0275,1.035,1.035," 6,249,200 "
2/21/2020,1.03,1.045,0.9975,1.01,1.01," 6,782,800 "
2/24/2020,0.975,0.9825,0.925,0.925,0.925," 14,265,200 "
2/25/2020,0.9425,0.9475,0.8875,0.89,0.89," 17,791,600 "
2/26/2020,0.895,0.905,0.84,0.8475,0.8475," 18,899,200 "
2/27/2020,0.8075,0.9075,0.795,0.8675,0.8675," 15,518,000 "
2/28/2020,0.835,0.93,0.835,0.9,0.9," 18,768,800 "
3/2/2020,0.9,0.9625,0.8475,0.9575,0.9575," 12,833,600 "
3/3/2020,0.97,0.9725,0.875,0.9075,0.9075," 17,130,000 "
3/4/2020,0.9275,0.9575,0.865,0.9425,0.9425," 17,030,400 "
3/5/2020,0.925,0.9975,0.8975,0.99,0.99," 14,397,600 "
3/6/2020,0.96,1.0175,0.94,0.98,0.98," 8,387,200 "
3/9/2020,0.8975,0.9925,0.875,0.925,0.925," 10,928,000 "
3/10/2020,0.985,1.065,0.95,1.0575,1.0575," 19,452,800 "
3/11/2020,1.035,1.0625,1,1.035,1.035," 17,656,400 "
3/12/2020,0.925,1.01,0.87,0.995,0.995," 20,493,600 "
3/13/2020,1.0325,1.1625,0.9625,1.1475,1.1475," 23,148,800 "
3/16/2020,0.9825,1.1425,0.975,1.0925,1.0925," 19,466,800 "
3/17/2020,1.1,1.1625,1.0275,1.0575,1.0575," 14,248,800 "
3/18/2020,1.025,1.0625,0.875,0.9425,0.9425," 14,606,800 "
3/19/2020,0.9275,1.05,0.8875,1.0475,1.0475," 20,158,000 "
3/20/2020,1.02,1.02,0.9125,0.94,0.94," 30,888,800 "
3/23/2020,0.895,0.965,0.875,0.9525,0.9525," 24,039,200 "
3/24/2020,0.9875,1.0525,0.9725,1.04,1.04," 27,222,400 "
3/25/2020,1.0375,1.1225,1.01,1.0425,1.0425," 14,368,400 "
3/26/2020,1.06,1.1775,1.06,1.1025,1.1025," 24,742,800 "
3/27/2020,1.235,1.2725,1.0375,1.055,1.055," 28,099,200 "
3/30/2020,1.055,1.0675,0.9125,0.9125,0.9125," 13,402,400 "
3/31/2020,0.9075,0.95,0.875,0.875,0.875," 9,203,600 "
4/1/2020,0.8625,0.8725,0.78,0.8125,0.8125," 18,274,800 "
4/2/2020,0.815,0.8375,0.7125,0.7125,0.7125," 16,257,200 "
4/3/2020,0.7125,0.735,0.6425,0.7,0.7," 15,321,600 "
4/6/2020,0.715,0.8,0.7075,0.7725,0.7725," 13,362,000 "
4/7/2020,0.8475,0.86,0.775,0.8175,0.8175," 11,347,600 "
4/8/2020,0.8075,0.9175,0.8,0.8525,0.8525," 11,538,000 "
4/9/2020,0.9,1.0625,0.8725,0.9725,0.9725," 23,634,400 "
4/13/2020,1.0625,1.19,1.04,1.185,1.185," 27,378,000 "
4/14/2020,1.3025,1.6175,1.285,1.4875,1.4875," 54,026,400 "
4/15/2020,1.415,1.4175,1.225,1.3175,1.3175," 29,999,600 "
4/16/2020,1.28,1.36,1.22,1.2575,1.2575," 13,487,600 "
4/17/2020,1.305,1.32,1.1075,1.22,1.22," 22,612,800 "
4/20/2020,1.2125,1.475,1.195,1.4025,1.4025," 24,340,000 "
4/21/2020,1.3075,1.325,1.19,1.195,1.195," 16,568,400 "
4/22/2020,1.285,1.2925,1.2075,1.2225,1.2225," 10,711,200 "
4/23/2020,1.1875,1.2225,1.145,1.175,1.175," 9,063,600 "
4/24/2020,1.195,1.2125,1.165,1.1925,1.1925," 8,944,800 "
4/27/2020,1.2125,1.4975,1.2025,1.455,1.455," 29,100,400 "
4/28/2020,1.48,1.51,1.265,1.41,1.41," 20,800,800 "
4/29/2020,1.4575,1.5225,1.3625,1.51,1.51," 13,478,400 "
4/30/2020,1.4675,1.495,1.41,1.4325,1.4325," 8,693,200 "
5/1/2020,1.4125,1.545,1.3625,1.5125,1.5125," 16,022,400 "
5/4/2020,1.46,1.4825,1.35,1.37,1.37," 16,272,400 "
5/5/2020,1.3875,1.4075,1.3375,1.3475,1.3475," 8,423,600 "
5/6/2020,1.35,1.35,1.225,1.2325,1.2325," 13,478,400 "
5/7/2020,1.2075,1.2325,1.1625,1.2175,1.2175," 10,003,200 "
5/8/2020,1.22,1.2975,1.205,1.245,1.245," 9,410,400 "
5/11/2020,1.23,1.24,1.1875,1.19,1.19," 6,796,800 "
5/12/2020,1.195,1.23,1.115,1.135,1.135," 10,556,800 "
5/13/2020,1.135,1.135,1.0175,1.0525,1.0525," 11,531,600 "
5/14/2020,1.0375,1.0475,0.99,1.0325,1.0325," 8,019,600 "
5/15/2020,1.0125,1.1125,1.01,1.055,1.055," 7,762,400 "
5/18/2020,1.1,1.1575,1.09,1.145,1.145," 9,456,800 "
5/19/2020,1.145,1.1875,1.0925,1.11,1.11," 7,362,800 "
5/20/2020,1.125,1.1725,1.085,1.1075,1.1075," 10,174,400 "
5/21/2020,1.1125,1.1625,1.1,1.11,1.11," 7,887,600 "
5/22/2020,1.115,1.1225,1.0325,1.045,1.045," 9,519,600 "
5/26/2020,1.085,1.1525,1.0825,1.105,1.105," 14,182,800 "
5/27/2020,1.1425,1.1775,1.09,1.1725,1.1725," 12,586,400 "
5/28/2020,1.1875,1.19,1.075,1.0825,1.0825," 8,735,600 "
5/29/2020,1.0825,1.105,1.0125,1.015,1.015," 15,846,800 "
6/1/2020,1.03,1.09,1.005,1.0325,1.0325," 10,446,400 "
6/2/2020,1.0675,1.0775,1.015,1.045,1.045," 9,477,600 "
6/3/2020,1.06,1.13,1.05,1.11,1.11," 12,149,600 "
6/4/2020,1.11,1.18,1.0925,1.1175,1.1175," 14,057,200 "
6/5/2020,1.0725,1.1025,1.0225,1.035,1.035," 25,097,600 "
6/8/2020,1.07,1.285,1.0675,1.2525,1.2525," 40,534,800 "
6/9/2020,1.25,1.25,1.1375,1.24,1.24," 32,293,600 "
6/10/2020,1.195,1.3825,1.17,1.2675,1.2675," 42,425,600 "
6/11/2020,1.16,1.225,1.045,1.0925,1.0925," 24,944,000 "
6/12/2020,1.15,1.195,1.0975,1.18,1.18," 17,512,800 "
6/15/2020,1.125,1.1925,1.105,1.1725,1.1725," 15,636,000 "
6/16/2020,1.2375,1.2375,1.1275,1.16,1.16," 12,485,200 "
6/17/2020,1.135,1.2075,1.1325,1.19,1.19," 14,374,000 "
6/18/2020,1.1675,1.2375,1.1625,1.2375,1.2375," 13,695,200 "
6/19/2020,1.2375,1.27,1.1725,1.22,1.22," 29,466,400 "
6/22/2020,1.1975,1.2375,1.18,1.2175,1.2175," 12,715,600 "
6/23/2020,1.2375,1.2475,1.2,1.2075,1.2075," 12,821,600 "
6/24/2020,1.2075,1.21,1.095,1.1025,1.1025," 11,904,800 "
6/25/2020,1.0825,1.135,1.075,1.115,1.115," 9,803,200 "
6/26/2020,1.12,1.125,1.0675,1.0875,1.0875," 15,204,800 "
6/29/2020,1.0875,1.13,1.075,1.095,1.095," 8,524,800 "
6/30/2020,1.0825,1.1275,1.05,1.085,1.085," 15,556,000 "
7/1/2020,1.0775,1.125,1.0775,1.11,1.11," 9,214,800 "
7/2/2020,1.1225,1.1275,1.0725,1.0725,1.0725," 7,550,400 "
7/6/2020,1.0775,1.085,1.0475,1.06,1.06," 8,563,600 "
7/7/2020,1.05,1.0625,1.015,1.0225,1.0225," 9,826,400 "
7/8/2020,1.025,1.0725,1.0075,1.065,1.065," 8,211,200 "
7/9/2020,1.0675,1.08,1.0325,1.0525,1.0525," 7,970,400 "
7/10/2020,1.05,1.095,1.045,1.085,1.085," 5,643,200 "
7/13/2020,1.0875,1.1375,1.065,1.065,1.065," 16,864,800 "
7/14/2020,1.055,1.0775,1.0175,1.02,1.02," 9,046,400 "
7/15/2020,1.0325,1.0725,1.0325,1.0475,1.0475," 5,896,400 "
7/16/2020,1.0475,1.05,1.0225,1.0425,1.0425," 5,320,400 "
7/17/2020,1.04,1.0575,0.985,0.99,0.99," 12,263,600 "
7/20/2020,0.9875,1.015,0.9425,0.9625,0.9625," 13,604,400 "
7/21/2020,0.975,1.0225,0.97,1.0025,1.0025," 13,351,600 "
7/22/2020,1.005,1.03,0.98,1.0275,1.0275," 10,094,000 "
7/23/2020,1.0225,1.0775,1.015,1.0275,1.0275," 12,948,800 "
7/24/2020,1.015,1.0575,1.0025,1.0075,1.0075," 8,863,600 "
7/27/2020,1.005,1.03,0.9875,1.0025,1.0025," 9,890,800 "
7/28/2020,0.99,1.0125,0.98,0.985,0.985," 18,221,600 "
7/29/2020,0.985,1.045,0.98,1.015,1.015," 11,518,400 "
7/30/2020,1,1.0575,0.9925,1.025,1.025," 9,594,000 "
7/31/2020,1.015,1.04,0.9975,1.0025,1.0025," 7,517,600 "
8/3/2020,1.0075,1.0625,1,1.0375,1.0375," 10,070,400 "
8/4/2020,1.0325,1.185,1.0325,1.1075,1.1075," 41,445,600 "
8/5/2020,1.125,1.19,1.0625,1.1575,1.1575," 19,677,200 "
8/6/2020,1.15,1.165,1.095,1.1075,1.1075," 7,604,800 "
8/7/2020,1.0975,1.1,1.015,1.04,1.04," 13,364,400 "
8/10/2020,1.05,1.1425,1.045,1.0825,1.0825," 18,247,200 "
8/11/2020,1.1075,1.1425,1.085,1.0875,1.0875," 12,555,200 "
8/12/2020,1.1,1.1575,1.09,1.13,1.13," 12,230,400 "
8/13/2020,1.13,1.1775,1.125,1.16,1.16," 8,513,200 "
8/14/2020,1.15,1.2075,1.1375,1.1875,1.1875," 13,897,600 "
8/17/2020,1.195,1.195,1.14,1.1575,1.1575," 9,484,000 "
8/18/2020,1.1525,1.2175,1.1075,1.2025,1.2025," 15,337,600 "
8/19/2020,1.2,1.21,1.16,1.18,1.18," 10,450,400 "
8/20/2020,1.155,1.17,1.1275,1.1525,1.1525," 9,764,800 "
8/21/2020,1.15,1.4,1.15,1.2575,1.2575," 42,570,400 "
8/24/2020,1.275,1.2825,1.14,1.2175,1.2175," 18,341,600 "
8/25/2020,1.22,1.3125,1.22,1.245,1.245," 11,994,800 "
8/26/2020,1.2425,1.305,1.23,1.2775,1.2775," 11,118,800 "
8/27/2020,1.2775,1.345,1.255,1.3125,1.3125," 13,537,600 "
8/28/2020,1.325,1.3925,1.305,1.3475,1.3475," 16,947,600 "
8/31/2020,1.4425,1.7875,1.4225,1.67,1.67," 151,904,000 "
9/1/2020,1.825,1.955,1.6925,1.9125,1.9125," 92,634,400 "
9/2/2020,1.95,2.0125,1.7775,1.9275,1.9275," 52,044,400 "
9/3/2020,1.97,2.1125,1.81,1.955,1.955," 57,378,000 "
9/4/2020,1.945,1.98,1.7925,1.9125,1.9125," 30,648,000 "
9/8/2020,1.8875,2.07,1.87,1.925,1.925," 39,266,400 "
9/9/2020,1.99,1.9975,1.8275,1.8375,1.8375," 36,272,400 "
9/10/2020,1.6625,1.7375,1.5475,1.5575,1.5575," 62,233,200 "
9/11/2020,1.565,1.5825,1.4675,1.5225,1.5225," 24,244,800 "
9/14/2020,1.7,1.75,1.6075,1.7275,1.7275," 40,476,000 "
9/15/2020,1.715,1.815,1.6725,1.7725,1.7725," 22,974,000 "
9/16/2020,1.7575,2.26,1.7575,2.17,2.17," 77,025,200 "
9/17/2020,2.1425,2.4425,2.1025,2.3,2.3," 68,106,800 "
9/18/2020,2.3,2.4425,2.2275,2.3675,2.3675," 69,630,000 "
9/21/2020,2.3375,2.4,2.095,2.1875,2.1875," 30,559,200 "
9/22/2020,2.6125,2.7925,2.475,2.64,2.64," 139,010,000 "
9/23/2020,2.65,2.715,2.48,2.51,2.51," 42,604,800 "
9/24/2020,2.4275,2.4525,2.2525,2.285,2.285," 31,755,200 "
9/25/2020,2.2975,2.545,2.275,2.505,2.505," 30,060,800 "
9/28/2020,2.54,2.565,2.3875,2.5225,2.5225," 27,057,200 "
9/29/2020,2.5,2.6625,2.4825,2.5875,2.5875," 20,950,400 "
9/30/2020,2.5625,2.69,2.515,2.55,2.55," 24,316,000 "
10/1/2020,2.5225,2.5625,2.4225,2.4425,2.4425," 18,216,400 "
10/2/2020,2.345,2.445,2.325,2.3475,2.3475," 17,362,000 "
10/5/2020,2.36,2.3975,2.3125,2.365,2.365," 11,220,000 "
10/6/2020,2.39,2.46,2.275,2.2825,2.2825," 18,141,600 "
10/7/2020,2.3075,2.39,2.2925,2.34,2.34," 13,234,400 "
10/8/2020,2.385,3.41,2.2975,3.3725,3.3725," 305,814,400 "
10/9/2020,3.2075,3.7,2.975,3.005,3.005," 308,611,200 "
10/12/2020,2.915,3.1925,2.85,2.95,2.95," 94,622,800 "
10/13/2020,2.9325,3.105,2.9125,2.97,2.97," 40,718,800 "
10/14/2020,3.1675,3.17,3.0125,3.0625,3.0625," 43,045,600 "
10/15/2020,2.9975,3.775,2.9975,3.4575,3.4575," 159,579,200 "
10/16/2020,3.4425,3.475,3.27,3.3275,3.3275," 46,606,400 "
10/19/2020,3.36,3.625,3.345,3.4775,3.4775," 52,676,400 "
10/20/2020,3.5075,3.535,3.4175,3.465,3.465," 26,416,000 "
10/21/2020,3.475,3.605,3.45,3.525,3.525," 21,447,600 "
10/22/2020,3.55,3.9675,3.5475,3.7275,3.7275," 64,848,800 "
10/23/2020,3.7625,3.845,3.6375,3.75,3.75," 26,029,200 "
10/26/2020,3.7325,3.8625,3.315,3.3625,3.3625," 53,505,200 "
10/27/2020,3.4275,3.4275,3.09,3.1725,3.1725," 28,924,000 "
10/28/2020,3.0675,3.2625,2.945,2.955,2.955," 25,554,400 "
10/29/2020,2.97,3.0625,2.92,2.9325,2.9325," 16,663,200 "
10/30/2020,2.91,2.91,2.59,2.6175,2.6175," 46,187,600 "
11/2/2020,2.705,2.7725,2.625,2.6875,2.6875," 20,908,000 "
11/3/2020,2.6875,2.965,2.6575,2.8925,2.8925," 29,818,000 "
11/4/2020,2.94,2.9425,2.6525,2.7275,2.7275," 23,231,600 "
11/5/2020,2.8175,2.96,2.765,2.8625,2.8625," 18,820,800 "
11/6/2020,2.88,3.0425,2.83,2.965,2.965," 22,072,800 "
11/9/2020,3.19,3.2325,2.8125,2.8725,2.8725," 24,979,600 "
11/10/2020,2.875,2.915,2.7075,2.775,2.775," 15,304,000 "
11/11/2020,2.875,2.9875,2.8025,2.9375,2.9375," 19,530,400 "
11/12/2020,2.935,2.9675,2.7425,2.7825,2.7825," 17,413,200 "
11/13/2020,2.84,2.8875,2.75,2.7525,2.7525," 14,143,600 "
11/16/2020,2.79,3.165,2.68,3.015,3.015," 39,099,200 "
11/17/2020,2.9125,2.98,2.8075,2.9075,2.9075," 26,712,800 "
11/18/2020,2.95,3.01,2.89,2.8925,2.8925," 12,676,800 "
11/19/2020,2.9,3.1975,2.8625,3.115,3.115," 47,150,400 "
11/20/2020,3.1375,3.365,3.135,3.1775,3.1775," 33,581,600 "
11/23/2020,3.225,3.53,3.1675,3.475,3.475," 38,396,400 "
11/24/2020,3.5575,3.565,3.325,3.4175,3.4175," 28,732,800 "
11/25/2020,3.4,3.8125,3.355,3.6875,3.6875," 35,440,400 "
11/27/2020,3.8225,4.185,3.72,4.02,4.02," 50,016,800 "
11/30/2020,4.5425,4.855,4.14,4.14,4.14," 127,934,000 "
12/1/2020,4.2775,4.35,3.94,3.95,3.95," 50,615,600 "
12/2/2020,3.925,4.17,3.845,4.145,4.145," 31,533,600 "
12/3/2020,4.12,4.16,3.9675,4.03,4.03," 25,180,000 "
12/4/2020,4.075,4.3225,4.065,4.225,4.225," 35,890,800 "
12/7/2020,4.25,4.375,4.055,4.0875,4.0875," 29,545,200 "
12/8/2020,4.0925,4.3025,3.9825,4.235,4.235," 64,480,800 "
12/9/2020,3.48,3.6825,3.3075,3.415,3.415," 97,431,600 "
12/10/2020,3.28,3.6025,3.2625,3.53,3.53," 30,235,600 "
12/11/2020,3.4775,3.5,3.255,3.3275,3.3275," 29,987,600 "
12/14/2020,3.335,3.3575,3.035,3.18,3.18," 40,028,400 "
12/15/2020,3.195,3.505,3.12,3.4625,3.4625," 32,759,200 "
12/16/2020,3.49,3.5775,3.395,3.4625,3.4625," 23,460,400 "
12/17/2020,3.49,3.745,3.3975,3.7075,3.7075," 32,779,600 "
12/18/2020,3.945,4.075,3.795,3.9075,3.9075," 66,475,200 "
12/21/2020,3.9525,4.0875,3.82,3.8825,3.8825," 39,504,400 "
12/22/2020,4.055,5.01,4.0375,4.865,4.865," 122,610,800 "
12/23/2020,5.0425,5.5875,4.7825,5.1425,5.1425," 103,321,200 "
12/24/2020,5.2525,5.37,4.9875,5.0375,5.0375," 25,048,800 "
12/28/2020,5.3275,5.4925,5.0875,5.2475,5.2475," 35,863,600 "
12/29/2020,5.205,5.2675,4.64,4.845,4.845," 36,965,600 "
12/30/2020,4.845,5,4.7125,4.815,4.815," 23,737,600 "
12/31/2020,4.8125,4.95,4.7,4.71,4.71," 27,690,800 "
1/4/2021,4.75,4.775,4.2875,4.3125,4.3125," 40,090,000 "
1/5/2021,4.3375,4.52,4.3075,4.3425,4.3425," 19,846,000 "
1/6/2021,4.335,4.745,4.3325,4.59,4.59," 24,224,800 "
1/7/2021,4.6175,4.8625,4.505,4.52,4.52," 24,517,200 "
1/8/2021,4.545,4.575,4.27,4.4225,4.4225," 25,928,000 "
1/11/2021,4.8525,5.1625,4.7525,4.985,4.985," 59,632,000 "
1/12/2021,4.99,5.1,4.83,4.9875,4.9875," 28,242,800 "
1/13/2021,5.105,9.6625,5.0075,7.85,7.85," 578,006,800 "
1/14/2021,9.5225,10.765,8.2625,9.9775,9.9775," 374,869,600 "
1/15/2021,9.6225,10.1875,8.5025,8.875,8.875," 187,465,600 "
1/19/2021,10.3875,11.38,9.16,9.84,9.84," 298,887,600 "
1/20/2021,9.3425,10.2975,9.015,9.78,9.78," 133,887,200 "
1/21/2021,9.8075,11.1875,9.25,10.7575,10.7575," 224,867,600 "
1/22/2021,10.6475,19.190001,10.58,16.252501,16.252501," 788,631,600 "
1/25/2021,24.182501,39.794998,15.2825,19.1975,19.1975," 711,496,000 "
1/26/2021,22.139999,37.5,20.049999,36.994999,36.994999," 714,352,000 "
1/27/2021,88.707497,95,62.25,86.877502,86.877502," 373,586,800 "
1/28/2021,66.25,120.75,28.0625,48.400002,48.400002," 235,263,200 "
1/29/2021,94.927498,103.495003,62.5,81.25,81.25," 202,264,400 "
2/1/2021,79.139999,80.5,53,56.25,56.25," 149,528,800 "
2/2/2021,35.189999,39.5,18.555,22.5,22.5," 312,732,400 "
2/3/2021,28.002501,28.35,21.3125,23.102501,23.102501," 170,794,000 "
2/4/2021,22.797501,22.875,13.3325,13.375,13.375," 249,709,200 "
2/5/2021,13.51,23.75,12.7725,15.9425,15.9425," 325,380,000 "
2/8/2021,18.102501,18.165001,14.505,15,15," 102,749,200 "
2/9/2021,14.1525,14.25,11.63,12.5775,12.5775," 107,372,400 "
2/10/2021,12.6925,15.7075,11.6375,12.8,12.8," 145,820,000 "
2/11/2021,12.5025,13.83,12.055,12.775,12.775," 52,226,800 "
2/12/2021,12.6875,13.81,12.0125,13.1,13.1," 58,293,200 "
2/16/2021,13.165,13.375,12.26,12.3775,12.3775," 32,700,000 "
2/17/2021,12.4425,12.7975,11.14,11.485,11.485," 36,747,200 "
2/18/2021,12.1225,12.2175,10.1625,10.1725,10.1725," 95,962,400 "
2/19/2021,10.32,10.9725,9.625,10.1475,10.1475," 59,312,800 "
2/22/2021,11.6725,12.1275,10.6,11.5,11.5," 77,904,000 "
2/23/2021,11.2425,11.5575,10,11.2425,11.2425," 30,260,800 "
2/24/2021,11.175,22.9275,11.175,22.9275,22.9275," 332,446,800 "
2/25/2021,42.389999,46.169998,25.25,27.182501,27.182501," 601,235,200 "
2/26/2021,29.365,35.724998,21.5,25.434999,25.434999," 368,776,800 "
3/1/2021,26.135,33.497501,24.9925,30.1,30.1," 199,176,000 "
3/2/2021,29.2325,33.299999,28.049999,29.545,29.545," 135,132,000 "
3/3/2021,30.627501,31.9375,28.280001,31.045,31.045," 77,095,600 "
3/4/2021,31.25,36.967499,28.825001,33.087502,33.087502," 130,427,600 "
3/5/2021,32.0425,37.8825,31.875,34.435001,34.435001," 122,934,800 "
3/8/2021,38.7225,52.717499,36.525002,48.625,48.625," 254,262,400 "
3/9/2021,54.427502,62.462502,52.127499,61.724998,61.724998," 156,397,200 "
3/10/2021,67.357498,87.125,43,66.25,66.25," 286,282,400 "
3/11/2021,60.41,70.375,58.150002,65,65," 113,250,000 "
3/12/2021,68.75,73.875,65.567497,66.125,66.125," 103,383,600 "
3/15/2021,69.379997,70.75,51.5,55.035,55.035," 96,401,600 "
3/16/2021,50.790001,55.174999,43.087502,52.0425,52.0425," 141,691,600 "
3/17/2021,54.459999,57.8675,51,52.452499,52.452499," 65,926,400 "
3/18/2021,53.5,54.720001,48.912498,50.4375,50.4375," 47,059,600 "
3/19/2021,48.932499,56.75,45.665001,50.067501,50.067501," 98,709,200 "
3/22/2021,51.314999,52.59,46.549999,48.622501,48.622501," 40,246,000 "
3/23/2021,49.375,50.4375,44.387501,45.4375,45.4375," 57,716,400 "
3/24/2021,39.494999,41.7425,29.655001,30.084999,30.084999," 96,711,600 "
3/25/2021,30.872499,46.875,29.225,45.9375,45.9375," 203,849,200 "
3/26/2021,49.419998,54.732498,40.814999,45.25,45.25," 149,722,800 "
3/29/2021,45.1875,48.48,43.377499,45.325001,45.325001," 40,168,800 "
3/30/2021,46.875,51.075001,45.5,48.615002,48.615002," 68,379,600 "
3/31/2021,49.375,49.865002,46.7775,47.455002,47.455002," 33,575,200 "
4/1/2021,48.34,49.2425,45.900002,47.862499,47.862499," 37,337,200 "
4/5/2021,42.75,48.75,41.202499,46.737499,46.737499," 56,282,000 "
4/6/2021,46.302502,48,45.889999,46.125,46.125," 24,873,200 "
4/7/2021,45.805,46.125,44.0275,44.4925,44.4925," 19,073,200 "
4/8/2021,46.470001,46.470001,41.075001,42.564999,42.564999," 40,189,600 "
4/9/2021,42.424999,42.895,38.25,39.59,39.59," 37,849,600 "
4/12/2021,39.5275,40.974998,33.752499,35.272499,35.272499," 66,734,400 "
4/13/2021,35.470001,36.345001,33,35.247501,35.247501," 27,227,600 "
4/14/2021,35.892502,43.522499,35.75,41.6325,41.6325," 84,552,400 "
4/15/2021,40.75,41.5625,38.200001,39.110001,39.110001," 31,427,200 "
4/16/2021,39,40.049999,37.8125,38.672501,38.672501," 20,858,800 "
4/19/2021,42.950001,43.799999,40.5825,41.092499,41.092499," 42,080,800 "
4/20/2021,41.035,41.2225,38.34,39.6325,39.6325," 18,634,400 "
4/21/2021,39.599998,40.744999,38.98,39.627499,39.627499," 15,251,200 "
4/22/2021,39.775002,39.775002,36.715,37.7925,37.7925," 17,383,200 "
4/23/2021,37.25,38.415001,36.174999,37.794998,37.794998," 16,116,400 "
4/26/2021,37.744999,43.669998,37.189999,42.232498,42.232498," 42,128,400 "
4/27/2021,45.887501,47,43.2925,44.442501,44.442501," 35,730,800 "
4/28/2021,43.025002,45.494999,41.5075,44.645,44.645," 23,155,600 "
4/29/2021,44.139999,45.215,42.6875,44.047501,44.047501," 15,041,200 "
4/30/2021,43.75,45.950001,43.174999,43.397499,43.397499," 17,734,400 "
5/3/2021,44.372501,44.372501,39.9025,40.549999,40.549999," 21,044,000 "
5/4/2021,39.75,40.372501,37.950001,40.182499,40.182499," 16,030,000 "
5/5/2021,40.4575,41.375,39.5825,39.869999,39.869999," 11,221,600 "
5/6/2021,40.215,41.18,38.900002,40.252499,40.252499," 11,771,200 "
5/7/2021,40.0275,41.852501,39.375,40.2775,40.2775," 11,738,400 "
5/10/2021,40.327499,40.397499,35.75,35.805,35.805," 19,226,800 "
5/11/2021,34.25,37.625,34.125,36.73,36.73," 18,738,400 "
5/12/2021,36.424999,37.625,35.557499,36.197498,36.197498," 10,926,000 "
5/13/2021,36.860001,42.487499,36.607498,41.125,41.125," 35,494,000 "
5/14/2021,40,41.6175,39.055,39.98,39.98," 17,174,000 "
5/17/2021,39.962502,45.625,39.75,45.150002,45.150002," 29,848,400 "
5/18/2021,43.634998,47.299999,42.067501,45.1675,45.1675," 30,954,800 "
5/19/2021,42.997501,44.744999,41.037498,42.2075,42.2075," 19,303,600 "
5/20/2021,42.697498,43.727501,41.724998,42.622501,42.622501," 9,912,800 "
5/21/2021,42.75,44.810001,42.5825,44.197498,44.197498," 14,618,800 "
5/24/2021,43.962502,47.115002,43.337502,45.002499,45.002499," 18,657,200 "
5/25/2021,45.25,54.2775,45.25,52.357498,52.357498," 59,550,000 "
5/26/2021,57.25,62.119999,56.387501,60.639999,60.639999," 84,479,600 "
5/27/2021,57.450001,66,56.75,63.532501,63.532501," 62,105,200 "
5/28/2021,65.7425,67.199997,55.357498,55.5,55.5," 47,005,600 "
6/1/2021,58.369999,63.744999,56.767502,62.255001,62.255001," 38,502,400 "
6/2/2021,62.220001,73.5,61.075001,70.559998,70.559998," 64,076,800 "
6/3/2021,66.427498,68.607498,60.529999,64.544998,64.544998," 32,000,000 "
6/4/2021,64.004997,66.25,61.442501,62.09,62.09," 14,550,000 "
6/7/2021,64.5,70.5,63.799999,70.002502,70.002502," 24,206,000 "
6/8/2021,73,86.165001,70.25,75,75," 69,756,400 "
6/9/2021,75.779999,82,72.877502,75.639999,75.639999," 53,717,200 "
6/10/2021,70.5,72,52.75,55.0975,55.0975," 91,920,800 "
6/11/2021,55.587502,60.282501,51.532501,58.334999,58.334999," 62,323,200 "
6/14/2021,59.125,59.502499,54.799999,57.360001,57.360001," 28,530,400 "
6/15/2021,56.59,57.3125,52,55.625,55.625," 29,207,600 "
6/16/2021,53.810001,57.182499,52.25,55.7425,55.7425," 22,259,200 "
6/17/2021,56,58.415001,55.369999,55.897499,55.897499," 18,434,400 "
6/18/2021,55.044998,55.872501,53.25,53.455002,53.455002," 17,281,200 "
6/21/2021,54.237499,54.599998,49.25,50.092499,50.092499," 20,480,800 "
6/22/2021,54.432499,56.470001,52.2925,55.099998,55.099998," 32,800,800 "
6/23/2021,55.362499,55.642502,53.529999,54.834999,54.834999," 14,220,400 "
6/24/2021,55.290001,56.862499,52.900002,53.077499,53.077499," 15,453,200 "
6/25/2021,53.5,53.549999,49.625,52.377499,52.377499," 50,770,800 "
6/28/2021,52.8125,56.112499,52.549999,53.3125,53.3125," 19,517,600 "
6/29/2021,53.397499,53.805,52.002499,52.720001,52.720001," 9,920,000 "
6/30/2021,52.422501,53.82,51.735001,53.535,53.535," 10,158,400 "
7/1/2021,53.349998,54.2075,50.5,51.09,51.09," 10,968,400 "
7/2/2021,51.200001,51.362499,49.125,50.7075,50.7075," 10,396,400 "
7/6/2021,51,51.192501,48.427502,49.889999,49.889999," 11,072,400 "
7/7/2021,49,49.375,44.389999,47.665001,47.665001," 16,958,000 "
7/8/2021,44.9575,48.555,44.875,47.845001,47.845001," 11,430,000 "
7/9/2021,47.720001,48.695,46.6875,47.807499,47.807499," 6,331,600 "
7/12/2021,47.855,49.4375,46.855,47.3125,47.3125," 6,545,200 "
7/13/2021,46.919998,47.197498,44.75,45.014999,45.014999," 9,591,600 "
7/14/2021,45.122501,45.595001,41.267502,41.904999,41.904999," 15,655,200 "
7/15/2021,40,42.997501,39.502499,41.705002,41.705002," 17,194,400 "
7/16/2021,42.537498,44.8675,41.575001,42.259998,42.259998," 13,151,600 "
7/19/2021,40.825001,44,40.305,43.372501,43.372501," 9,747,600 "
7/20/2021,43.474998,48.41,43.105,47.794998,47.794998," 12,404,400 "
7/21/2021,46.947498,48.877499,45.5275,46.452499,46.452499," 8,916,800 "
7/22/2021,46.325001,46.922501,44.037498,44.712502,44.712502," 5,652,000 "
7/23/2021,45.25,45.400002,43.459999,45.09,45.09," 5,264,800 "
7/26/2021,45.09,46.509998,44.689999,45.985001,45.985001," 5,042,400 "
7/27/2021,45.75,46.25,44.165001,44.634998,44.634998," 4,859,200 "
7/28/2021,43.93,44.279999,41.067501,42.279999,42.279999," 16,403,200 "
7/29/2021,42.650002,43.4725,41.127499,41.215,41.215," 8,960,000 "
7/30/2021,41.25,41.805,39.717499,40.279999,40.279999," 9,508,400 "
8/2/2021,40.5,40.897499,38.764999,39.412498,39.412498," 10,131,600 "
8/3/2021,39.185001,39.7225,37.049999,38.1875,38.1875," 57,802,400 "
8/4/2021,38.182499,39.447498,36.422501,36.700001,36.700001," 9,574,000 "
8/5/2021,37,39.400002,36.305,38.360001,38.360001," 9,648,400 "
8/6/2021,38.647499,39.125,37.577499,37.942501,37.942501," 5,410,800 "
8/9/2021,37.950001,41.177502,37.665001,40.282501,40.282501," 8,996,800 "
8/10/2021,40.34,41.724998,38.837502,39.762501,39.762501," 6,493,200 "
8/11/2021,39.607498,39.762501,38.654999,39.695,39.695," 3,781,600 "
8/12/2021,39.970001,41.07,39.3325,40.587502,40.587502," 5,271,200 "
8/13/2021,40.1175,40.887501,39.352501,40.630001,40.630001," 4,059,200 "
8/16/2021,40.25,42.470001,39.790001,40.982498,40.982498," 6,290,400 "
8/17/2021,40.297501,42.369999,40.275002,40.887501,40.887501," 4,863,600 "
8/18/2021,40.8125,41.400002,39.1875,39.262501,39.262501," 5,647,200 "
8/19/2021,39.192501,39.497501,37.695,38.224998,38.224998," 4,786,000 "
8/20/2021,38.450001,40.022499,38.310001,39.825001,39.825001," 4,619,600 "
8/23/2021,40.595001,41.822498,39.887501,41.2225,41.2225," 5,372,000 "
8/24/2021,41.572498,56.25,41.287498,52.572498,52.572498," 58,608,800 "
8/25/2021,51.662498,56.75,48.25,49.912498,49.912498," 51,444,400 "
8/26/2021,50.169998,54.25,49.75,51.305,51.305," 24,954,400 "
8/27/2021,51.924999,53.25,50.005001,51.237499,51.237499," 12,923,200 "
8/30/2021,51.25,54.547501,50.755001,52.299999,52.299999," 13,238,400 "
8/31/2021,53.174999,55.575001,52.865002,54.560001,54.560001," 14,298,800 "
9/1/2021,56,57.860001,52.005001,53.2425,53.2425," 17,815,200 "
9/2/2021,53.465,53.700001,51.575001,53.380001,53.380001," 7,408,000 "
9/3/2021,53.012501,54.067501,49.709999,50.6875,50.6875," 10,634,400 "
9/7/2021,51.5625,52.474998,49.025002,49.75,49.75," 9,985,200 "
9/8/2021,50.465,51.720001,47.669998,49.700001,49.700001," 20,694,400 "
9/9/2021,45.022499,50.5,44.5,49.794998,49.794998," 30,046,000 "
9/10/2021,49.602501,50.540001,47.5,47.602501,47.602501," 12,170,400 "
9/13/2021,48.4375,52.220001,47.875,50.849998,50.849998," 17,336,400 "
9/14/2021,50.162498,51.154999,48.75,49.810001,49.810001," 8,566,400 "
9/15/2021,49.25,51.217499,48.4375,51.130001,51.130001," 9,241,600 "
9/16/2021,50.5825,54.137501,50.287498,51.592499,51.592499," 12,232,800 "
9/17/2021,52.005001,53.122501,50.195,51.2425,51.2425," 15,783,600 "
9/20/2021,50,50.712502,46.137501,48.049999,48.049999," 15,767,200 "
9/21/2021,49.84,49.84,46.5,47.487499,47.487499," 10,535,200 "
9/22/2021,47.41,48.375,46.572498,47.535,47.535," 9,026,400 "
9/23/2021,48.0825,48.9375,47.650002,47.810001,47.810001," 6,729,200 "
9/24/2021,47.75,47.93,46.0275,46.290001,46.290001," 6,743,200 "
9/27/2021,46.48,48.012501,46.467499,47.369999,47.369999," 5,880,400 "
9/28/2021,47,47.702499,44.5,44.650002,44.650002," 7,082,000 "
9/29/2021,45.022499,46.119999,43.6525,43.98,43.98," 7,599,600 "
9/30/2021,43.75,46.362499,41.697498,43.8675,43.8675," 12,682,800 "
10/1/2021,44.849998,44.872501,43.0625,44.227501,44.227501," 6,204,400 "
10/4/2021,43.987499,44.237499,42.692501,42.84,42.84," 4,782,800 "
10/5/2021,42.797501,43.2925,41.674999,43.044998,43.044998," 5,263,600 "
10/6/2021,42.514999,43.240002,41.452499,42.767502,42.767502," 4,801,200 "
10/7/2021,43,43.799999,42.634998,43.029999,43.029999," 4,637,200 "
10/8/2021,43.125,43.93,42.779999,43.169998,43.169998," 3,272,800 "
10/11/2021,43.25,47.122501,43.25,44.525002,44.525002," 10,739,600 "
10/12/2021,45.125,45.445,43.450001,43.955002,43.955002," 4,934,800 "
10/13/2021,44.575001,47.052502,44,46.014999,46.014999," 7,711,600 "
10/14/2021,45.939999,47.549999,45.650002,45.9575,45.9575," 6,695,600 "
10/15/2021,46,46.744999,45.220001,45.82,45.82," 4,800,000 "
10/18/2021,45.735001,47.467499,45.637501,46.505001,46.505001," 6,358,400 "
10/19/2021,47.247501,48.044998,46.099998,46.697498,46.697498," 8,282,400 "
10/20/2021,46.5825,47,45.494999,46.130001,46.130001," 9,107,600 "
10/21/2021,46.177502,47.674999,45.150002,45.427502,45.427502," 9,609,600 "
10/22/2021,44.525002,44.872501,41.950001,42.450001,42.450001," 11,201,600 "
10/25/2021,42.355,43.700001,41.814999,43.4925,43.4925," 5,771,200 "
10/26/2021,43.34,46.25,43.125,44.459999,44.459999," 8,706,800 "
10/27/2021,45,45.772499,43.0825,43.377499,43.377499," 4,428,000 "
10/28/2021,43.790001,45.785,43.75,45.712502,45.712502," 6,784,800 "
10/29/2021,45.702499,46.4375,44.5,45.877499,45.877499," 9,176,000 "
11/1/2021,45.6325,52.142502,45.512501,50.022499,50.022499," 19,776,800 "
11/2/2021,49.837502,52.985001,47.922501,51.747501,51.747501," 15,529,200 "
11/3/2021,53.5,63.922501,52.0625,54.5825,54.5825," 45,062,400 "
11/4/2021,55.5,57.2425,52.887501,54.459999,54.459999," 11,632,000 "
11/5/2021,55.16,55.25,52.252499,53.3125,53.3125," 7,242,800 "
11/8/2021,53.125,56.259998,53.002499,54.66,54.66," 8,631,600 "
11/9/2021,55.5,55.872501,51.110001,51.650002,51.650002," 7,381,200 "
11/10/2021,50.529999,51.8475,49.125,49.797501,49.797501," 5,237,600 "
11/11/2021,50,52.022499,49.537498,51.080002,51.080002," 4,317,600 "
11/12/2021,50.535,51.34,49.470001,50.525002,50.525002," 3,712,000 "
11/15/2021,50.965,52.875,50.422501,52.285,52.285," 5,865,600 "
11/16/2021,52.255001,53.142502,50.907501,51.794998,51.794998," 4,858,400 "
11/17/2021,51.575001,54.424999,51.5,52.5,52.5," 5,410,800 "
11/18/2021,52.5625,53.785,51.875,52.529999,52.529999," 4,017,600 "
11/19/2021,52.285,57.3475,52.0625,57.200001,57.200001," 12,136,800 "
11/22/2021,57.615002,62.41,57.4375,61.887501,61.887501," 17,485,600 "
11/23/2021,60.959999,63.049999,53.139999,53.474998,53.474998," 13,380,800 "
11/24/2021,54.3125,55.997501,52,52.945,52.945," 5,237,600 "
11/26/2021,52.02,52.932499,49.799999,49.93,49.93," 4,941,200 "
11/29/2021,51,51.977501,50.235001,50.502499,50.502499," 4,435,200 "
11/30/2021,50.025002,50.987499,47,49.052502,49.052502," 6,895,600 "
12/1/2021,49.849998,50.0275,44.252499,44.959999,44.959999," 9,406,000 "
12/2/2021,46.25,46.857498,43.267502,45.389999,45.389999," 8,348,400 "
12/3/2021,45.25,45.982498,39.762501,43.0975,43.0975," 16,386,800 "
12/6/2021,41.5,43.334999,40.799999,41.779999,41.779999," 8,914,400 "
12/7/2021,43.794998,45.494999,42.627499,44.452499,44.452499," 7,889,600 "
12/8/2021,44.150002,45.0625,42.990002,43.412498,43.412498," 10,444,800 "
12/9/2021,41.75,43.172501,37.75,38.939999,38.939999," 20,337,200 "
12/10/2021,39.9575,40.575001,37,39.752499,39.752499," 18,107,600 "
12/13/2021,40.0825,40.2225,33.767502,34.220001,34.220001," 21,944,800 "
12/14/2021,32.75,37.592499,32.375,36.922501,36.922501," 26,048,400 "
12/15/2021,36.865002,38,35.279999,37.147499,37.147499," 11,064,000 "
12/16/2021,38.232498,38.610001,35.532501,36.147499,36.147499," 8,659,200 "
12/17/2021,35.9375,39.642502,34.8325,38.91,38.91," 17,226,800 "
12/20/2021,38.297501,39.919998,37.424999,39.285,39.285," 7,314,400 "
12/21/2021,39.264999,40.0625,38.785,39.529999,39.529999," 5,720,800 "
12/22/2021,39.5825,39.787498,38.029999,38.5,38.5," 4,188,800 "
12/23/2021,38.5,38.75,36.505001,38.035,38.035," 4,222,000 "
12/27/2021,38,38.154999,35,37.077499,37.077499," 6,454,400 "
12/28/2021,36.875,39.352501,36.602501,36.615002,36.615002," 5,324,400 "
12/29/2021,36.962502,38.872501,35.535,38.482498,38.482498," 8,149,600 "
12/30/2021,37.75,40,37.5,38.8325,38.8325," 6,247,600 "
12/31/2021,38.404999,39.182499,37.025002,37.0975,37.0975," 5,576,000 "
1/3/2022,37.307499,39.845001,37.302502,38.209999,38.209999," 5,654,800 "
1/4/2022,38.0425,38.247501,35.762501,37.227501,37.227501," 7,339,600 "
1/5/2022,37.0975,37.212502,32.287498,32.342499,32.342499," 13,585,600 "
1/6/2022,33.209999,34.424999,30.285,32.7575,32.7575," 24,206,000 "
1/7/2022,39.942501,40.077499,33.125,35.154999,35.154999," 48,549,200 "
1/10/2022,33.747501,33.922501,30,32.787498,32.787498," 22,048,000 "
1/11/2022,32.525002,34.200001,31.8475,32.575001,32.575001," 10,332,400 "
1/12/2022,32.5,32.830002,31.612499,32.014999,32.014999," 6,298,000 "
1/13/2022,32.125,32.625,30.422501,30.620001,30.620001," 8,901,200 "
1/14/2022,30.0375,30.575001,28.004999,29.1625,29.1625," 15,402,000 "
1/18/2022,28.2775,28.4375,26.1,27.227501,27.227501," 15,022,400 "
1/19/2022,27.502501,28.262501,26.102501,26.6425,26.6425," 9,614,400 "
1/20/2022,26.975,28.799999,25.4,25.6675,25.6675," 11,680,400 "
1/21/2022,25.25,27.5525,23.18,26.59,26.59," 22,120,000 "
1/24/2022,24.754999,25.715,21.5725,25.0375,25.0375," 25,039,600 "
1/25/2022,24.23,26.2425,23.752501,24.9475,24.9475," 14,297,200 "
1/26/2022,25.275,29.75,25.077499,25.815001,25.815001," 33,330,000 "
1/27/2022,26.035,26.75,23.2225,23.379999,23.379999," 14,644,400 "
1/28/2022,23.85,24.5,21.9025,24.477501,24.477501," 16,430,400 "
1/31/2022,24.467501,27.455,24.465,27.2325,27.2325," 13,997,200 "
2/1/2022,28.252501,29.1625,27.065001,28.15,28.15," 13,847,600 "
2/2/2022,27.5875,27.965,24.514999,25.01,25.01," 13,116,400 "
2/3/2022,25.375,26.735001,24.4275,24.807501,24.807501," 10,710,000 "
2/4/2022,24.752501,26,23.77,25.584999,25.584999," 7,627,200 "
2/7/2022,25.747499,26.344999,24.692499,25.584999,25.584999," 7,037,600 "
2/8/2022,25.440001,29.4175,25.137501,28.9,28.9," 19,839,600 "
2/9/2022,28.522499,31.1775,28.25,31.0725,31.0725," 15,467,600 "
2/10/2022,29.487499,32.945,29,30.6175,30.6175," 14,826,000 "
2/11/2022,30.620001,32.467499,30.192499,31.0625,31.0625," 11,299,200 "
2/14/2022,30.7325,31.375,29.0375,29.272499,29.272499," 9,102,800 "
2/15/2022,30.24,31.807501,29.815001,31.540001,31.540001," 7,911,600 "
2/16/2022,31.1075,33.212502,30.98,32.0825,32.0825," 8,007,600 "
2/17/2022,31.692499,32.712502,30.555,30.852501,30.852501," 6,256,400 "
2/18/2022,31.049999,31.4125,29.532499,30.3825,30.3825," 6,214,000 "
2/22/2022,29.549999,30.8325,28.547501,29.514999,29.514999," 6,156,400 "
2/23/2022,30.305,30.84,28.57,28.717501,28.717501," 5,393,200 "
2/24/2022,26.3825,31.4275,26.030001,31.145,31.145," 9,024,800 "
2/25/2022,30.8925,31.2425,29.122499,29.645,29.645," 6,841,200 "
2/28/2022,30.25,31.5725,29.2225,30.834999,30.834999," 6,458,000 "
3/1/2022,30.547501,31.467501,29.5875,29.754999,29.754999," 4,384,000 "
3/2/2022,29.875,30.6675,29.092501,30.4925,30.4925," 5,242,800 "
3/3/2022,30.74,30.934999,29.307501,29.602501,29.602501," 4,382,400 "
3/4/2022,29.502501,30.127501,27.645,27.915001,27.915001," 5,911,200 "
3/7/2022,28.75,28.75,24.025,24.8375,24.8375," 12,591,600 "
3/8/2022,25.2575,27.247499,24.272499,25.752501,25.752501," 8,536,000 "
3/9/2022,26.745001,27.215,25.875,26.3025,26.3025," 5,598,400 "
3/10/2022,25.98,26.014999,24.5625,25.139999,25.139999," 5,582,000 "
3/11/2022,25.665001,25.725,23.172501,23.172501,23.172501," 8,822,000 "
3/14/2022,23.3575,23.58,19.395,19.5275,19.5275," 18,134,400 "
3/15/2022,20.525,21.889999,19.67,20.66,20.66," 14,115,200 "
3/16/2022,21.2775,22.502501,20.5,21.715,21.715," 10,615,600 "
3/17/2022,21.275,22.395,20.862499,21.924999,21.924999," 13,796,400 "
3/18/2022,19.934999,24.362499,19.725,22.6975,22.6975," 35,688,400 "
3/21/2022,22.5,24.85,22.440001,23.549999,23.549999," 15,812,400 "
3/22/2022,23.85,31.4475,23.612499,30.785,30.785," 60,068,800 "
3/23/2022,32.5,37.732498,31.637501,35.25,35.25," 98,399,200 "
3/24/2022,33.502499,35.869999,31.690001,35.5975,35.5975," 36,400,800 "
3/25/2022,35.009998,39.540001,34.549999,37.987499,37.987499," 53,535,600 "
3/28/2022,37.994999,47.709999,37.884998,47.397499,47.397499," 65,266,000 "
3/29/2022,47.060001,49.852501,40.75,44.974998,44.974998," 72,046,000 "
3/30/2022,43.75,45.834999,41.25,41.712502,41.712502," 36,676,800 "
3/31/2022,40.775002,43.9375,39.627499,41.645,41.645," 44,968,800 "
4/1/2022,47.224998,47.442501,38.814999,41.25,41.25," 52,758,400 "
4/4/2022,41.744999,43.310001,39.127499,42.682499,42.682499," 18,519,200 "
4/5/2022,42,42.107498,38,38.397499,38.397499," 15,825,200 "
4/6/2022,37.752499,39.822498,37.424999,39.16,39.16," 16,268,000 "
4/7/2022,38.5275,39.174999,35.392502,37.5,37.5," 15,311,200 "
4/8/2022,37.272499,37.677502,35.5075,36.547501,36.547501," 10,371,600 "
4/11/2022,35.759998,37.055,35.1525,36.732498,36.732498," 9,812,000 "
4/12/2022,36.625,38.0625,35.4175,36.217499,36.217499," 7,996,400 "
4/13/2022,36.025002,38.032501,35.505001,37.674999,37.674999," 8,032,800 "
4/14/2022,37.317501,39.125,36.805,37.692501,37.692501," 10,002,400 "
4/18/2022,37.5,37.810001,34.310001,35.365002,35.365002," 9,871,200 "
4/19/2022,35.712502,38.244999,34.965,38.1175,38.1175," 9,416,800 "
4/20/2022,38,38.0825,36.662498,37.212502,37.212502," 4,648,000 "
4/21/2022,37.5,38.279999,34.977501,35.389999,35.389999," 6,737,600 "
4/22/2022,35.637501,36.575001,33.887501,34.555,34.555," 6,278,400 "
4/25/2022,33.852501,34.927502,33.32,33.987499,33.987499," 6,139,200 "
4/26/2022,33.91,34.200001,31.540001,31.9,31.9," 6,182,800 "
4/27/2022,31.817499,33.169998,31.145,32.459999,32.459999," 5,223,600 "
4/28/2022,32.57,33.150002,30.125,32.327499,32.327499," 7,070,000 "
4/29/2022,31.825001,32.7225,30.752501,31.2675,31.2675," 5,143,600 "
5/2/2022,30.9125,31.3475,28.174999,29.8925,29.8925," 10,172,000 "
5/3/2022,29.620001,31.1075,28.605,30.1075,30.1075," 7,312,800 "
5/4/2022,29.8025,31.9375,28.93,31.77,31.77," 6,651,200 "
5/5/2022,30.985001,31.17,28.780001,29.782499,29.782499," 7,015,600 "
5/6/2022,29.32,30.139999,27.557501,28.674999,28.674999," 7,161,600 "
5/9/2022,27.695,27.695,24.52,24.6975,24.6975," 13,264,800 "
5/10/2022,25.745001,26.514999,22,23.375,23.375," 16,603,200 "
5/11/2022,23.3675,23.817499,20,20.3325,20.3325," 16,681,200 "
5/12/2022,20.76,27.014999,19.442499,22.3925,22.3925," 40,139,600 "
5/13/2022,24.75,26.695,23.76,24.5975,24.5975," 23,930,800 "
5/16/2022,24.700001,24.795,22.695,22.950001,22.950001," 11,582,000 "
5/17/2022,23.475,25.094999,22.799999,25.094999,25.094999," 10,444,800 "
5/18/2022,24.094999,24.959999,22.5425,22.870001,22.870001," 11,560,000 "
5/19/2022,22.805,25.495001,22.540001,24.797501,24.797501," 12,720,400 "
5/20/2022,24.952499,25.602501,22.4375,23.915001,23.915001," 9,972,000 "
5/23/2022,24.1425,24.32,22.875,24.032499,24.032499," 6,994,000 "
5/24/2022,23.512501,23.549999,21.674999,22.2875,22.2875," 8,879,600 "
5/25/2022,22.535,28.8675,22.535,28.7925,28.7925," 40,060,000 "
5/26/2022,29,37.115002,28.674999,32.115002,32.115002," 57,892,400 "
5/27/2022,35.25,35.924999,31.75,34.302502,34.302502," 30,045,200 "
5/31/2022,34.302502,34.982498,30.129999,31.184999,31.184999," 19,084,400 "
6/1/2022,30.705,32.397499,29.252501,30.35,30.35," 14,991,600 "
6/2/2022,29.75,34.125,28.889999,33.5,33.5," 27,918,800 "
6/3/2022,32.5,34.525002,31.057501,33.424999,33.424999," 18,234,400 "
6/6/2022,33.825001,34.025002,31.762501,32.025002,32.025002," 9,532,800 "
6/7/2022,32.5,37.4725,31.5825,36.625,36.625," 24,967,600 "
6/8/2022,35.3475,38.25,33.9575,34.682499,34.682499," 24,473,600 "
6/9/2022,34.697498,34.974998,31.834999,32.244999,32.244999," 13,114,400 "
6/10/2022,31.5,32.982498,30.785,32.272499,32.272499," 11,820,000 "
6/13/2022,30.127501,31.1425,28.575001,29.5625,29.5625," 13,792,800 "
6/14/2022,29.3925,32,29.025,31.5425,31.5425," 12,739,200 "
6/15/2022,31.237499,32.990002,30.91,32.322498,32.322498," 10,764,400 "
6/16/2022,31.235001,32.322498,30.145,31.432501,31.432501," 9,995,200 "
6/17/2022,31.715,33.965,31.58,33.785,33.785," 12,340,800 "
6/21/2022,34.555,36.349998,33.880001,35.07,35.07," 12,512,400 "
6/22/2022,34.6675,36.182499,34.107498,34.615002,34.615002," 7,838,000 "
6/23/2022,35.41,35.997501,34.182499,35.505001,35.505001," 6,682,800 "
6/24/2022,35.75,37.092499,32.8825,33.802502,33.802502," 16,995,600 "
6/27/2022,34.1175,34.262501,31.825001,32.422501,32.422501," 9,745,600 "
6/28/2022,32.752499,32.8325,30.57,31.094999,31.094999," 6,610,000 "
6/29/2022,30.387501,31.622499,29.897499,30.715,30.715," 6,826,400 "
6/30/2022,29.842501,31.647499,29.440001,30.575001,30.575001," 6,718,800 "
7/1/2022,30.282499,31.2925,29.8225,30.855,30.855," 6,617,200 "
7/5/2022,30.375,30.620001,29.752501,30.057501,30.057501," 6,036,000 "
7/6/2022,30.172501,30.57,28.342501,29.3575,29.3575," 9,988,800 "
7/7/2022,31.122499,33.875,30.452499,33.779999,33.779999," 30,313,600 "
7/8/2022,31.665001,33.1675,30.627501,32.134998,32.134998," 13,199,600 "
7/11/2022,32.139999,32.935001,31.1625,32.522499,32.522499," 7,532,800 "
7/12/2022,32.700001,35.647499,31.815001,34.279999,34.279999," 16,899,600 "
7/13/2022,33.75,36.337502,33.75,35.32,35.32," 13,703,600 "
7/14/2022,34.797501,37.987499,34.049999,34.049999,34.049999," 20,970,400 "
7/15/2022,34.860001,35.592499,33.5075,35.41,35.41," 9,832,400 "
7/18/2022,36.25,37.400002,35.775002,36.66,36.66," 11,155,200 "
7/19/2022,37.435001,39.209999,36.587502,37.924999,37.924999," 12,828,000 "
7/20/2022,38.5,40.407501,38.349998,39.6875,39.6875," 11,400,400 "
7/21/2022,39.93,40,37.290001,38.3675,38.3675," 9,277,600 "
7/22/2022,36.880001,38.700001,34.93,35.779999,35.779999," 10,060,200 "
7/25/2022,35,35.509998,33.25,33.98,33.98," 5,686,300 "
7/26/2022,32.869999,33.310001,32.099998,32.43,32.43," 4,866,100 "
7/27/2022,32.959999,34.119999,32.16,33.779999,33.779999," 4,251,200 "
7/28/2022,33.389999,34.43,32.66,33.84,33.84," 3,207,400 "
7/29/2022,33.68,34.790001,33.060001,34.009998,34.009998," 3,988,800 "
8/1/2022,33.799999,35.709999,33.77,34.779999,34.779999," 4,196,600 "
8/2/2022,35.900002,36.799999,35.119999,35.84,35.84," 4,697,100 "
8/3/2022,36.220001,38.009998,36,37.93,37.93," 5,186,500 "
8/4/2022,38.34,39.889999,37.889999,38.360001,38.360001," 5,421,500 "
8/5/2022,37.369999,40.43,36.560001,40.02,40.02," 8,124,200 "
8/8/2022,41.290001,47.990002,40.75,43.450001,43.450001," 17,987,100 "
8/9/2022,42.139999,43.189999,39,40.369999,40.369999," 6,954,200 "
8/10/2022,42,42,38.630001,40.529999,40.529999," 5,434,700 "
8/11/2022,40.91,41.970001,39.349998,39.450001,39.450001," 5,140,500 "
8/12/2022,40,41.43,39.150002,40.740002,40.740002," 5,120,000 "
8/15/2022,39.75,40.389999,38.810001,39.68,39.68," 5,243,100 "
8/16/2022,39.169998,45.529999,38.599998,42.189999,42.189999," 23,602,800 "
8/17/2022,42.18,44.360001,40.41,40.52,40.52," 9,766,400 "
8/18/2022,39.27,40.07,37.34,37.93,37.93," 8,145,400 "
8/19/2022,35.18,37.189999,34.669998,36.490002,36.490002," 9,551,900 "
8/22/2022,34.310001,36.200001,34.200001,34.5,34.5," 5,798,600 "
8/23/2022,34.700001,34.990002,33.450001,33.529999,33.529999," 4,836,300 "
8/24/2022,34,34.939999,32.439999,32.5,32.5," 5,620,300 "
8/25/2022,32.84,32.889999,31.5,31.959999,31.959999," 4,726,300 "
8/26/2022,31.5,32.380001,30.629999,30.940001,30.940001," 4,297,300 "
8/29/2022,30.48,32.75,30.379999,31.549999,31.549999," 4,292,700 "
8/30/2022,31.620001,31.870001,29.42,29.84,29.84," 5,060,200 "
8/31/2022,29.25,29.959999,28.26,28.639999,28.639999," 5,157,000 "
9/1/2022,28,28.91,26.950001,27.629999,27.629999," 5,293,900 "
9/2/2022,28.26,28.74,26.93,27.360001,27.360001," 4,680,100 "
9/6/2022,25.75,26.719999,24.67,25.139999,25.139999," 7,010,200 "
9/7/2022,24.73,25.190001,23.42,24.040001,24.040001," 12,504,700 "
9/8/2022,25,26.74,24.07,25.83,25.83," 14,142,200 "
9/9/2022,26.299999,29.08,26.1,28.92,28.92," 7,899,800 "
9/12/2022,29.030001,30.34,28,29.24,29.24," 6,175,200 "
9/13/2022,27.4,28.610001,27.32,27.85,27.85," 3,657,200 "
9/14/2022,27.559999,28.450001,26.65,28.129999,28.129999," 3,605,800 "
9/15/2022,27.860001,29.07,27.860001,28.610001,28.610001," 3,329,500 "
9/16/2022,28.33,28.799999,27.780001,28.639999,28.639999," 4,656,000 "
9/19/2022,28.34,29.65,28.15,28.959999,28.959999," 3,404,000 "
9/20/2022,29.280001,29.33,27.18,27.540001,27.540001," 3,145,900 "
9/21/2022,27.450001,28.99,26.77,26.860001,26.860001," 3,859,200 "
9/22/2022,27.17,27.27,24.379999,24.700001,24.700001," 4,346,500 "
9/23/2022,24.15,25.15,24.059999,25.040001,25.040001," 3,622,400 "
9/26/2022,24.66,25.870001,24.120001,24.48,24.48," 3,440,300 "
9/27/2022,25.469999,26.389999,25.129999,26.129999,26.129999," 4,487,200 "
9/28/2022,25.889999,27.5,25.620001,27.309999,27.309999," 2,630,100 "
9/29/2022,27.08,27.690001,24.690001,25.459999,25.459999," 4,118,200 "
9/30/2022,25.030001,25.82,24.440001,25.129999,25.129999," 3,148,300 "
10/3/2022,25.139999,25.629999,24.209999,25.379999,25.379999," 2,653,900 "
10/4/2022,25.950001,27.83,25.950001,27.6,27.6," 4,581,900 "
10/5/2022,26.77,26.98,25.43,26.389999,26.389999," 2,986,400 "
10/6/2022,26.290001,27,25.799999,25.99,25.99," 2,418,700 "
10/7/2022,25.84,25.84,24.42,25.35,25.35," 3,270,600 "
10/10/2022,25.370001,26.5,24.75,25,25," 2,917,600 "
10/11/2022,24.870001,26.299999,23.950001,25.27,25.27," 4,195,900 "
10/12/2022,25.959999,26.889999,25.27,25.360001,25.360001," 3,284,400 "
10/13/2022,24.42,26.59,23.91,25.559999,25.559999," 3,516,200 "
10/14/2022,25.77,26.370001,24.629999,24.629999,24.629999," 2,773,500 "
10/17/2022,25.370001,26.41,25.24,25.959999,25.959999," 3,172,200 "
10/18/2022,27.1,27.74,26.129999,26.67,26.67," 4,402,600 "
10/19/2022,26,26.18,24.27,24.540001,24.540001," 5,318,400 "
10/20/2022,24.65,25.450001,24.07,24.41,24.41," 5,148,600 "
10/21/2022,24.15,25.33,24.1,25.299999,25.299999," 3,036,300 "
10/24/2022,25,25.190001,24.110001,24.709999,24.709999," 3,114,300 "
10/25/2022,24.82,27.790001,24.799999,26.870001,26.870001," 7,791,600 "
10/26/2022,26.370001,27.48,25.32,25.42,25.42," 3,858,200 "
10/27/2022,25.75,26.33,25.200001,25.93,25.93," 2,422,900 "
10/28/2022,26.879999,28.790001,26.42,28.17,28.17," 8,089,600 "
10/31/2022,31.219999,34.990002,27.91,28.309999,28.309999," 24,027,600 "
11/1/2022,29.4,29.690001,27.620001,28.389999,28.389999," 5,147,500 "
11/2/2022,27.9,28.75,26.5,26.620001,26.620001," 4,143,900 "
11/3/2022,26,27.290001,26,26.290001,26.290001," 3,384,400 "
11/4/2022,26.6,27.030001,25.34,26.51,26.51," 4,138,000 "
11/7/2022,26.25,26.299999,24.799999,25.76,25.76," 3,303,600 "
11/8/2022,25.33,25.85,24.110001,25.139999,25.139999," 4,695,100 "
11/9/2022,24.549999,24.67,21.889999,23.110001,23.110001," 8,464,800 "
11/10/2022,24.620001,25.700001,23.91,24.879999,24.879999," 6,107,000 "
11/11/2022,24.780001,26.120001,24.15,26.1,26.1," 3,986,200 "
11/14/2022,26.299999,27.379999,25.610001,26.049999,26.049999," 4,352,200 "
11/15/2022,26.59,28.24,26.27,27.59,27.59," 5,392,000 "
11/16/2022,26.620001,27.35,26.370001,27.139999,27.139999," 2,452,300 "
11/17/2022,26.299999,27.76,26.15,27.76,27.76," 2,477,700 "
11/18/2022,28.16,28.700001,26.83,27.6,27.6," 3,087,400 "
11/21/2022,26.66,27.83,24.860001,25.16,25.16," 4,443,300 "
11/22/2022,25.129999,26.450001,24.700001,26.299999,26.299999," 4,240,400 "
11/23/2022,25.92,27.139999,25.92,26.700001,26.700001," 2,737,500 "
11/25/2022,26.5,27.049999,26.139999,26.17,26.17," 1,122,700 "
11/28/2022,25.790001,26.440001,25.209999,25.290001,25.290001," 2,440,900 "
11/29/2022,25.58,26.35,25.32,25.6,25.6," 2,029,500 "
11/30/2022,25.9,26.23,24.91,26.209999,26.209999," 3,731,100 "
12/1/2022,26,27.5,25.18,26.6,26.6," 7,615,200 "
12/2/2022,26.25,27.870001,26.110001,27.52,27.52," 4,577,200 "
12/5/2022,27.309999,27.48,25.440001,25.559999,25.559999," 4,973,700 "
12/6/2022,25.41,25.58,23.110001,23.389999,23.389999," 7,699,300 "
12/7/2022,23.4,23.610001,21.969999,22.26,22.26," 10,078,200 "
12/8/2022,22,25,21.969999,24.790001,24.790001," 10,252,000 "
12/9/2022,24.59,24.59,22.59,22.629999,22.629999," 5,326,700 "
12/12/2022,22.66,23.15,22.18,22.67,22.67," 3,750,800 "
12/13/2022,23.549999,23.700001,20.83,21,21," 6,305,600 "
12/14/2022,21.190001,22,21.01,21.049999,21.049999," 4,604,800 "
12/15/2022,20.74,21.440001,20.24,20.58,20.58," 6,444,500 "
12/16/2022,20.48,21.120001,20.01,20.799999,20.799999," 9,379,700 "
12/19/2022,20.549999,20.889999,19.59,19.92,19.92," 3,700,600 "
12/20/2022,19.860001,21.32,19.620001,20.26,20.26," 4,479,000 "
12/21/2022,20.4,20.9,20.18,20.559999,20.559999," 2,793,600 "
12/22/2022,20.5,20.5,18.5,19.809999,19.809999," 5,343,100 "
12/23/2022,20,20.629999,19.65,20.08,20.08," 3,174,800 "
12/27/2022,19.91,19.99,18,18.200001,18.200001," 4,233,000 "
12/28/2022,18.290001,18.700001,16.98,17.92,17.92," 5,672,000 "
12/29/2022,18.120001,18.57,17.75,18.33,18.33," 3,442,800 "
12/30/2022,17.950001,18.58,17.9,18.459999,18.459999," 2,669,500 "
1/3/2023,18.639999,19.26,17.09,17.200001,17.200001," 5,135,200 "
1/4/2023,17.25,17.93,16.9,17.32,17.32," 3,939,300 "
1/5/2023,17.059999,17.26,15.89,16.219999,16.219999," 6,066,200 "
1/6/2023,16,16.57,15.41,16.459999,16.459999," 4,823,400 "
1/9/2023,16.65,17.129999,16.360001,16.379999,16.379999," 3,522,600 "
1/10/2023,16.299999,18.09,16.25,17.77,17.77," 4,402,800 "
1/11/2023,18.190001,20.049999,17.860001,19.040001,19.040001," 8,405,800 "
1/12/2023,19.040001,20.629999,18.34,20.629999,20.629999," 5,877,300 "
1/13/2023,19.879999,21.110001,19.799999,20.49,20.49," 5,494,400 "
1/17/2023,20.49,21.940001,20.370001,21.799999,21.799999," 5,407,900 "
1/18/2023,22.01,22.15,20.5,20.790001,20.790001," 5,632,200 "
1/19/2023,20.440001,20.450001,18.82,19.040001,19.040001," 4,519,200 "
1/20/2023,19.049999,20.07,18.9,19.610001,19.610001," 3,564,300 "
1/23/2023,19.5,22.49,19.370001,21.66,21.66," 7,181,500 "
1/24/2023,21.299999,22.09,21,21.4,21.4," 2,381,600 "
1/25/2023,20.59,20.84,19.530001,20.23,20.23," 3,515,800 "
1/26/2023,20.610001,21.17,19.379999,20.01,20.01," 3,520,000 "
1/27/2023,19.799999,23.309999,19.41,22.82,22.82," 11,897,200 "
1/30/2023,22.5,23.48,21.129999,21.25,21.25," 4,950,600 "
1/31/2023,21.41,22.049999,21.299999,21.870001,21.870001," 3,128,400 "
2/1/2023,21.49,22.120001,20.549999,21.83,21.83," 4,517,200 "
2/2/2023,22.440001,24.4,22.219999,22.700001,22.700001," 7,655,700 "
2/3/2023,22.01,23.93,21.799999,22.25,22.25," 4,935,900 "
2/6/2023,21.879999,24.879999,21.77,23.860001,23.860001," 8,708,400 "
2/7/2023,23,23.049999,20.5,21.219999,21.219999," 9,093,700 "
2/8/2023,21.43,21.549999,20.610001,21.1,21.1," 2,846,400 "
2/9/2023,21.25,21.65,19.67,19.67,19.67," 4,497,400 "
2/10/2023,19.559999,20.040001,19.049999,19.27,19.27," 2,902,700 "
2/13/2023,19.299999,19.940001,19.01,19.690001,19.690001," 2,299,300 "
2/14/2023,19.309999,20.01,19.1,19.870001,19.870001," 2,746,300 "
2/15/2023,19.799999,21.799999,19.59,21.799999,21.799999," 7,137,800 "
2/16/2023,21.25,22.42,20.85,21.6,21.6," 3,879,000 "
2/17/2023,21.27,22.07,21.15,21.99,21.99," 2,851,000 "
2/21/2023,21.33,21.83,20.629999,20.66,20.66," 3,100,300 "
2/22/2023,20.530001,21.190001,20.33,20.52,20.52," 2,164,900 "
2/23/2023,20.66,20.870001,19.530001,20.139999,20.139999," 2,862,000 "
2/24/2023,19.709999,20.08,19.540001,19.540001,19.540001," 2,277,600 "
2/27/2023,19.610001,19.700001,18.889999,19.1,19.1," 4,006,700 "
2/28/2023,19.059999,19.52,18.950001,19.23,19.23," 3,373,800 "
3/1/2023,18.92,19.09,18.139999,18.15,18.15," 4,210,100 "
3/2/2023,18.15,18.4,17.620001,18.190001,18.190001," 2,622,100 "
3/3/2023,18.190001,19.1,18.1,18.700001,18.700001," 2,505,500 "
3/6/2023,18.52,19.5,18.52,18.65,18.65," 2,815,300 "
3/7/2023,18.540001,18.84,18.059999,18.059999,18.059999," 2,375,300 "
3/8/2023,18.049999,18.379999,17.629999,18.17,18.17," 3,277,800 "
3/9/2023,18.07,18.379999,17.48,17.52,17.52," 2,652,600 "
3/10/2023,17.530001,17.77,16.85,17.25,17.25," 2,845,500 "
3/13/2023,16.77,17.35,16.52,16.75,16.75," 2,959,100 "
3/14/2023,17.370001,17.41,16.4,16.91,16.91," 3,077,400 "
3/15/2023,16.5,16.690001,15.7,15.95,15.95," 4,541,500 "
3/16/2023,16,16.77,15.53,16.76,16.76," 4,083,000 "
3/17/2023,16.620001,16.719999,15.92,16.6,16.6," 5,105,500 "
3/20/2023,16.65,17.27,16.25,16.870001,16.870001," 4,463,700 "
3/21/2023,17.15,18.35,17.139999,17.65,17.65," 15,882,900 "
3/22/2023,26.6,27,23.049999,23.870001,23.870001," 66,764,700 "
3/23/2023,22.57,24.59,22.129999,22.58,22.58," 11,168,900 "
3/24/2023,22.32,23.99,22.1,23.98,23.98," 8,756,400 "
3/27/2023,23.99,24.01,22.690001,23,23," 4,580,800 "
3/28/2023,22.969999,23.540001,22.219999,23.15,23.15," 5,711,700 "
3/29/2023,23.08,23.700001,22.219999,22.459999,22.459999," 4,161,400 "
3/30/2023,22.6,22.83,22.110001,22.5,22.5," 3,477,600 "
3/31/2023,22.35,23.07,22.15,23.02,23.02," 3,880,300 "
4/3/2023,22.940001,23.85,22.66,23.17,23.17," 4,274,500 "
4/4/2023,22.75,23.139999,22.09,22.35,22.35," 3,421,500 "
4/5/2023,22.469999,22.469999,21.23,22.07,22.07," 3,638,100 "
4/6/2023,22,22.67,21.77,22.4,22.4," 2,506,900 "
4/10/2023,21.85,22.43,21.82,22.370001,22.370001," 2,176,100 "
4/11/2023,22.57,23.17,22.42,22.690001,22.690001," 2,540,000 "
4/12/2023,22.9,23.280001,22.26,22.26,22.26," 2,141,100 "
4/13/2023,22.5,22.85,22.33,22.549999,22.549999," 1,803,900 "
4/14/2023,22.74,23.25,22.32,22.459999,22.459999," 2,312,400 "
4/17/2023,22.27,22.68,22.139999,22.280001,22.280001," 2,066,600 "
4/18/2023,22.139999,22.32,21.5,21.610001,21.610001," 2,748,700 "
4/19/2023,21.280001,21.870001,20.959999,21.309999,21.309999," 2,539,500 "
4/20/2023,20.879999,21.57,20.059999,20.219999,20.219999," 2,977,400 "
4/21/2023,20.200001,20.620001,20.1,20.49,20.49," 2,085,900 "
4/24/2023,20.15,20.41,19.809999,19.93,19.93," 2,742,400 "
4/25/2023,19.74,20.040001,18.91,19,19," 2,560,800 "
4/26/2023,18.98,19.23,18.65,18.65,18.65," 2,287,600 "
4/27/2023,18.75,19.34,18.719999,18.940001,18.940001," 2,238,900 "
4/28/2023,18.92,19.719999,18.879999,19.290001,19.290001," 2,835,200 "
5/1/2023,19.16,19.25,18.459999,18.549999,18.549999," 2,356,600 "
5/2/2023,18.450001,18.58,18.059999,18.58,18.58," 1,918,300 "
5/3/2023,18.559999,19.200001,18.530001,18.9,18.9," 3,184,000 "
5/4/2023,19.25,19.48,18.92,19.35,19.35," 2,041,800 "
5/5/2023,19.620001,20.879999,19.51,20.42,20.42," 4,353,700 "
5/8/2023,20.459999,20.99,20.09,20.51,20.51," 2,402,800 "
5/9/2023,20.16,20.65,20.120001,20.24,20.24," 1,522,700 "
5/10/2023,20.450001,20.959999,20.379999,20.76,20.76," 2,139,900 "
5/11/2023,20.690001,21.16,20.51,20.879999,20.879999," 1,652,500 "
5/12/2023,20.83,20.98,20.23,20.690001,20.690001," 2,003,900 "
5/15/2023,20.620001,21.629999,20.49,21.620001,21.620001," 2,602,000 "
5/16/2023,21.5,22.1,21.42,21.99,21.99," 2,498,000 "
5/17/2023,21.99,23.25,21.9,22.870001,22.870001," 4,573,000 "
5/18/2023,22.9,23.299999,22.68,23.049999,23.049999," 2,144,400 "
5/19/2023,22.940001,22.99,21.75,22.059999,22.059999," 2,665,900 "
5/22/2023,22.1,24.360001,21.99,24.209999,24.209999," 6,251,600 "
5/23/2023,23.889999,23.9,22.799999,23.16,23.16," 3,786,500 "
5/24/2023,23.129999,23.52,22.73,23.27,23.27," 1,901,000 "
5/25/2023,23.5,23.690001,22.709999,23.35,23.35," 2,494,400 "
5/26/2023,23.469999,23.709999,23.059999,23.25,23.25," 2,261,900 "
5/30/2023,23.35,24.690001,23.299999,24.57,24.57," 5,037,800 "
5/31/2023,24.51,24.799999,23.879999,24.049999,24.049999," 4,265,200 "
6/1/2023,24.040001,24.66,23.780001,24.1,24.1," 3,845,000 "
6/2/2023,24.290001,24.93,24.280001,24.639999,24.639999," 3,293,100 "
6/5/2023,24.530001,25.84,24.16,24.309999,24.309999," 4,201,900 "
6/6/2023,24.01,25.25,24,24.690001,24.690001," 3,984,300 "
6/7/2023,26.200001,26.549999,25.07,26.110001,26.110001," 18,001,100 "
6/8/2023,20.299999,22,20.1,21.440001,21.440001," 19,213,300 "
6/9/2023,21.780001,23.43,21.5,22.68,22.68," 10,321,200 "
6/12/2023,22.85,24.299999,22.74,24.299999,24.299999," 7,131,400 "
6/13/2023,26.200001,27.65,25.030001,26.950001,26.950001," 17,160,600 "
6/14/2023,26.719999,27.08,24.9,25.700001,25.700001," 7,243,700 "
6/15/2023,25.41,26.17,24.639999,24.84,24.84," 5,501,800 "
6/16/2023,25.02,25.110001,24.42,24.559999,24.559999," 4,427,000 "
6/20/2023,24.41,24.65,23.719999,24.58,24.58," 3,250,700 "
6/21/2023,24.84,25.1,24.1,24.43,24.43," 2,404,700 "
6/22/2023,24.129999,24.33,23.76,24.32,24.32," 1,889,600 "
6/23/2023,23.780001,24.15,23.68,23.700001,23.700001," 2,230,800 "
6/26/2023,23.379999,24.030001,22.91,23.02,23.02," 2,525,200 "
6/27/2023,23.290001,23.6,23,23.58,23.58," 2,141,500 "
6/28/2023,23.440001,25.1,23.4,24.98,24.98," 3,493,900 "
6/29/2023,24.959999,25.469999,24.620001,24.9,24.9," 3,101,000 "
6/30/2023,24.969999,25.129999,24.25,24.25,24.25," 2,797,500 "
7/3/2023,24.290001,25.110001,24.209999,24.91,24.91," 1,806,600 "
7/5/2023,24.639999,24.85,23.790001,23.9,23.9," 2,263,100 "
7/6/2023,23.52,23.57,22.82,22.83,22.83," 2,384,600 "
7/7/2023,22.969999,23.530001,22.67,22.709999,22.709999," 2,439,600 "
7/10/2023,22.610001,23.559999,22,23.540001,23.540001," 3,318,200 "
7/11/2023,23.200001,24.440001,23.200001,23.91,23.91," 3,063,500 "
7/12/2023,24.25,24.309999,23.440001,23.440001,23.440001," 1,742,200 "
7/13/2023,23.540001,23.98,23.42,23.459999,23.459999," 1,912,200 "
7/14/2023,23.49,23.719999,22.940001,22.969999,22.969999," 2,175,300 "
7/17/2023,22.879999,23.309999,22.700001,22.82,22.82," 2,026,000 "
7/18/2023,22.719999,23.799999,22.68,23.08,23.08," 2,345,100 "
7/19/2023,23.42,23.58,22.959999,23.17,23.17," 2,250,100 "
7/20/2023,23.01,23.219999,22.66,22.91,22.91," 2,256,700 "
7/21/2023,23.049999,23.219999,22.16,22.18,22.18," 3,134,100 "
7/24/2023,22.42,23.040001,22.200001,23.040001,23.040001," 2,970,400 "
7/25/2023,23.1,23.1,22.530001,22.85,22.85," 1,672,000 "
7/26/2023,22.700001,22.99,22.48,22.700001,22.700001," 1,489,200 "
7/27/2023,22.940001,23.49,22.129999,22.219999,22.219999," 3,370,900 "
7/28/2023,22.02,22.49,21.790001,21.93,21.93," 2,642,100 "
7/31/2023,22,22.379999,21.85,22.200001,22.200001," 1,973,400 "
8/1/2023,21.950001,22,21.26,21.5,21.5," 2,567,100 "
8/2/2023,21.15,21.15,20.34,20.83,20.83," 2,625,800 "
8/3/2023,20.879999,21.18,20.74,20.93,20.93," 1,318,700 "
8/4/2023,20.950001,21.889999,20.889999,20.98,20.98," 2,400,500 "
8/7/2023,20.9,21.24,20.48,21.07,21.07," 1,441,300 "
8/8/2023,20.700001,20.9,20.280001,20.74,20.74," 1,431,300 "
8/9/2023,20.85,20.85,19.82,19.93,19.93," 2,929,600 "
8/10/2023,20,20.290001,19.870001,20.190001,20.190001," 1,432,400 "
8/11/2023,20.030001,20.379999,19.969999,20.190001,20.190001," 1,500,200 "
8/14/2023,19.75,20.01,19.08,19.959999,19.959999," 3,329,300 "
8/15/2023,19.77,19.780001,19.09,19.33,19.33," 2,290,300 "
8/16/2023,19.18,19.34,18.549999,18.59,18.59," 3,015,600 "
8/17/2023,18.790001,18.809999,18.299999,18.379999,18.379999," 2,056,800 "
8/18/2023,18.18,18.66,18.139999,18.360001,18.360001," 2,023,900 "
8/21/2023,18.299999,18.82,18.200001,18.48,18.48," 2,864,700 "
8/22/2023,18.620001,18.620001,17.25,17.26,17.26," 3,791,900 "
8/23/2023,17.25,17.34,16.879999,16.889999,16.889999," 2,909,100 "
8/24/2023,16.940001,16.98,16.18,16.360001,16.360001," 3,624,500 "
8/25/2023,16.5,17.18,16.450001,17.129999,17.129999," 3,423,500 "
8/28/2023,17.35,18.110001,17.25,17.57,17.57," 3,007,400 "
8/29/2023,17.6,18.549999,17.6,18.24,18.24," 2,709,200 "
8/30/2023,18.200001,18.52,17.91,18.370001,18.370001," 1,884,500 "
8/31/2023,18.41,19.42,18.15,18.549999,18.549999," 4,674,100 "
9/1/2023,18.66,18.73,18.32,18.42,18.42," 2,131,800 "
9/5/2023,18.450001,19.34,18.26,19.23,19.23," 3,781,300 "
9/6/2023,19.059999,19.15,18.42,18.75,18.75," 6,107,200 "
9/7/2023,19.129999,19.48,17.610001,18.889999,18.889999," 5,021,300 "
9/8/2023,18.15,18.5,17.35,17.709999,17.709999," 4,689,200 "
9/11/2023,17.85,17.85,16.9,17.02,17.02," 3,543,800 "
9/12/2023,17.530001,18.5,17.190001,17.23,17.23," 5,179,400 "
9/13/2023,17.309999,17.93,17.27,17.809999,17.809999," 3,012,600 "
9/14/2023,17.799999,18.52,17.6,18.33,18.33," 3,078,000 "
9/15/2023,18.360001,18.610001,18.15,18.219999,18.219999," 6,158,000 "
9/18/2023,17.99,18.1,17.35,17.549999,17.549999," 3,694,600 "
